Uni_Code,eBKP_code
Pr_20,J03.01
Pr_20_29_03,F02.03
Pr_20_29_03_04,F02.03
Pr_20_29_03_05,B03.01
Pr_20_29_03_28,D05.03
Pr_20_29_03_31,F02.03
Pr_20_29_03_33,F02.03
Pr_20_29_03_34,C01.03
Pr_20_29_03_35,C01.03
Pr_20_29_03_47,D12.06
Pr_20_29_03_48,D12.06
Pr_20_29_03_72,C05.01
Pr_20_29_03_77,F02.03
Pr_20_29_03_80,B06.03
Pr_20_29_03_81,B06.03
Pr_20_29_03_86,F02.03
Pr_20_29_03_97,F02.03
Pr_20_29_04_27,J02.03
Pr_20_29_08_04,F02.03
Pr_20_29_08_08,G05.07
Pr_20_29_08_18,B03.04
Pr_20_29_08_26,C04.01
Pr_20_29_08_27,C04.01
Pr_20_29_08_76,C02.01
Pr_20_29_08_86,C02.01
Pr_20_29_08_92,C04.01
Pr_20_29_10,B04.01
Pr_20_29_10_11,B04.01
Pr_20_29_10_12,B04.01
Pr_20_29_10_14,B04.01
Pr_20_29_10_21,D04.06
Pr_20_29_10_79,C04.01
Pr_20_29_14_07,C04.01
Pr_20_29_14_08,C04.01
Pr_20_29_14_14,E02.03
Pr_20_29_14_15,D01.02
Pr_20_29_14_16,B03.02
Pr_20_29_14_22,G05.03
Pr_20_29_14_24,B03.02
Pr_20_29_14_28,E02.06
Pr_20_29_14_29,E02.06
Pr_20_29_14_30,I05.08
Pr_20_29_14_31,G02
Pr_20_29_14_34,D04.01
Pr_20_29_14_35,D04.01
Pr_20_29_14_65,B03.02
Pr_20_29_14_80,D03.01
Pr_20_29_14_87,G04.02
Pr_20_29_29_62,C01.02
Pr_20_29_29_66,B04.01
Pr_20_29_30_11,B04.01
Pr_20_29_31_03,C02.01
Pr_20_29_31_12,C02.01
Pr_20_29_31_44,C04.01
Pr_20_29_31_84,C02.01
Pr_20_29_34_35,C02.01
Pr_20_29_40,F01.01
Pr_20_29_40_12,D05.05
Pr_20_29_40_30,F01.01
Pr_20_29_40_73,F02.03
Pr_20_29_40_96,F01.01
Pr_20_29_56,C02.01
Pr_20_29_56_60,J01.01
Pr_20_29_56_83,C04.05
Pr_20_29_56_86,J02.03
Pr_20_29_57_23,C04.05
Pr_20_29_57_35,D03.04
Pr_20_29_57_44,G05.03
Pr_20_29_57_50,D08.04
Pr_20_29_57_56,G05.03
Pr_20_29_57_75,D03.04
Pr_20_29_57_85,C02.01
Pr_20_29_60,J02.02
Pr_20_29_60_17,D01.06
Pr_20_29_60_20,D01.06
Pr_20_29_60_29,D01.06
Pr_20_29_60_30,D01.06
Pr_20_29_60_31,D01.06
Pr_20_29_60_32,D09.04
Pr_20_29_60_37,G02
Pr_20_29_60_60,D07.02
Pr_20_29_60_62,D01.06
Pr_20_29_60_63,D01.06
Pr_20_29_60_75,G05.02
Pr_20_29_60_76,D01.06
Pr_20_29_60_84,D01.06
Pr_20_29_60_96,D01.06
Pr_20_29_63,D01.04
Pr_20_29_70,E02.06
Pr_20_29_70_13,C04.01
Pr_20_29_70_31,C02.01
Pr_20_29_70_32,G05.02
Pr_20_29_70_36,I02.04
Pr_20_29_70_41,F01.01
Pr_20_29_70_68,E02.06
Pr_20_29_70_70,E02.06
Pr_20_29_76_50,G05.02
Pr_20_29_81_08,C02.01
Pr_20_29_81_56,C02.01
Pr_20_29_81_61,C05.02
Pr_20_29_81_80,C02.01
Pr_20_29_87,F
Pr_20_29_88_27,B03.01
Pr_20_29_88_31,F01.04
Pr_20_29_88_37,C04.05
Pr_20_29_88_70,F01.04
Pr_20_29_88_71,F
Pr_20_29_88_73,C04.05
Pr_20_29_88_74,F01
Pr_20_29_88_75,F
Pr_20_31_01_22,D07.04
Pr_20_31_01_86,J03
Pr_20_31_01_96,D08.04
Pr_20_31_02_18,D06.02
Pr_20_31_03_15,I04.03
Pr_20_31_03_16,I04.03
Pr_20_31_03_36,I04.03
Pr_20_31_03_58,B06.03
Pr_20_31_03_77,B06.03
Pr_20_31_03_80,B06.03
Pr_20_31_03_84,B06.03
Pr_20_31_03_95,C01.01
Pr_20_31_03_96,C01.01
Pr_20_31_03_98,B06.04
Pr_20_31_04_07,C01
Pr_20_31_04_10,C01.01
Pr_20_31_04_15,I04.03
Pr_20_31_04_31,I04.03
Pr_20_31_04_52,I04.03
Pr_20_31_04_71,I06.04
Pr_20_31_04_72,I06.04
Pr_20_31_04_80,B07.01
Pr_20_31_12,I04.03
Pr_20_31_12_50,I04.03
Pr_20_31_12_60,I04.03
Pr_20_31_12_80,I04.03
Pr_20_31_16,I04.03
Pr_20_31_16_21,I04.03
Pr_20_31_16_22,I04.03
Pr_20_31_16_29,I04.03
Pr_20_31_16_31,I04.03
Pr_20_31_16_37,I04.03
Pr_20_31_16_56,I04.03
Pr_20_31_16_66,I04.03
Pr_20_31_16_67,I04.03
Pr_20_31_16_68,I04.03
Pr_20_31_16_70,I04.03
Pr_20_31_16_72,I04.03
Pr_20_31_16_76,I04.03
Pr_20_31_16_80,I04.03
Pr_20_31_16_82,I04.03
Pr_20_31_16_83,I04.03
Pr_20_31_16_84,B06.03
Pr_20_31_16_85,I04.03
Pr_20_31_16_92,I04.03
Pr_20_31_53,C01.03
Pr_20_31_53_14,D05.01
Pr_20_31_53_15,I04.03
Pr_20_31_53_32,I04.03
Pr_20_31_53_61,I04.03
Pr_20_31_53_96,C01.01
Pr_20_65,C
Pr_20_65_34,C04.08
Pr_20_65_34_34,I02.08
Pr_20_65_34_51,C02
Pr_20_65_34_72,C04.05
Pr_20_65_50_10,D08.05
Pr_20_65_50_45,J02.03
Pr_20_65_50_46,G05.02
Pr_20_65_50_63,B05.01
Pr_20_65_50_77,J02.03
Pr_20_65_60,J01.01
Pr_20_65_60_15,J01.01
Pr_20_65_60_47,F02.01
Pr_20_65_60_48,D01.05
Pr_20_65_60_60,D07.02
Pr_20_65_60_88,F
Pr_20_65_60_89,J01.01
Pr_20_65_78,C
Pr_20_65_78_15,I02.05
Pr_20_65_78_34,I02.05
Pr_20_65_78_58,I02.05
Pr_20_65_78_77,I02.05
Pr_20_65_78_88,I02.05
Pr_20_65_95_17,C02
Pr_20_76,J03
Pr_20_76_06,E02.06
Pr_20_76_06_16,I04.03
Pr_20_76_06_80,E02.06
Pr_20_76_06_88,I06.03
Pr_20_76_08,B03.01
Pr_20_76_08_02,I02.07
Pr_20_76_08_03,I02.07
Pr_20_76_08_04,I02.07
Pr_20_76_08_09,I02.07
Pr_20_76_08_10,I02.07
Pr_20_76_08_11,I02.07
Pr_20_76_08_12,I02.07
Pr_20_76_08_13,I02.07
Pr_20_76_08_14,I02.07
Pr_20_76_08_15,I02.07
Pr_20_76_08_16,I02.07
Pr_20_76_08_17,I02.07
Pr_20_76_08_18,I02.07
Pr_20_76_08_19,I02.07
Pr_20_76_08_36,I02.07
Pr_20_76_08_51,I02.07
Pr_20_76_08_52,B03.01
Pr_20_76_08_53,B03.01
Pr_20_76_08_60,J01.01
Pr_20_76_08_62,I02.07
Pr_20_76_08_63,I02.07
Pr_20_76_08_64,I02.07
Pr_20_76_08_65,I02.07
Pr_20_76_08_66,I02.07
Pr_20_76_08_67,I02.07
Pr_20_76_08_71,I02.07
Pr_20_76_08_74,B03.01
Pr_20_76_08_81,I02.07
Pr_20_76_08_82,I02.07
Pr_20_76_08_83,I02.07
Pr_20_76_08_84,I02.07
Pr_20_76_08_85,I02.07
Pr_20_76_08_86,I02.07
Pr_20_76_08_88,I02.07
Pr_20_76_51,F02.03
Pr_20_76_51_02,G05.03
Pr_20_76_51_08,D01.04
Pr_20_76_51_12,C04.01
Pr_20_76_51_14,G05.03
Pr_20_76_51_25,G05.03
Pr_20_76_51_51,C02.01
Pr_20_76_51_90,C04.01
Pr_20_76_51_92,C03.01
Pr_20_76_63,B02.05
Pr_20_76_63_63,C02.01
Pr_20_76_63_92,G05.03
Pr_20_76_64,C04.05
Pr_20_76_64_10,I05.08
Pr_20_76_64_17,I04.03
Pr_20_76_64_18,C01.03
Pr_20_76_64_19,I04.03
Pr_20_76_64_20,I04.03
Pr_20_76_64_21,C01.03
Pr_20_76_64_51,I05.08
Pr_20_76_64_53,C04.05
Pr_20_76_64_54,C01.03
Pr_20_76_64_88,I03.05
Pr_20_76_64_89,C04.05
Pr_20_76_64_96,J01.01
Pr_20_76_70,B03.04
Pr_20_76_70_09,B03.01
Pr_20_76_70_12,B03.01
Pr_20_76_70_15,F02.03
Pr_20_76_70_27,I02.04
Pr_20_76_70_30,C04.04
Pr_20_76_70_34,E02.06
Pr_20_76_70_67,D04.06
Pr_20_76_70_69,D09.05
Pr_20_76_70_70,E02.06
Pr_20_76_70_90,B03.01
Pr_20_76_71,B03.04
Pr_20_76_71_17,B03.04
Pr_20_76_71_50,E02.06
Pr_20_76_71_79,I05.01
Pr_20_76_71_81,C04.01
Pr_20_76_71_90,D09.05
Pr_20_76_78,G01.03
Pr_20_76_78_12,C01.02
Pr_20_76_78_14,I04.03
Pr_20_76_78_16,I04.03
Pr_20_76_88,C
Pr_20_76_88_33,I02.08
Pr_20_76_88_34,E02.06
Pr_20_76_88_41,C02.01
Pr_20_76_88_42,C04.05
Pr_20_76_88_43,F
Pr_20_76_88_44,G02
Pr_20_76_88_47,C01.01
Pr_20_76_88_73,I02.08
Pr_20_76_88_74,B03.01
Pr_20_76_88_80,C02.01
Pr_20_76_88_81,C04.05
Pr_20_76_88_82,F
Pr_20_76_88_86,E02.06
Pr_20_76_88_89,C02.01
Pr_20_85,B03.01
Pr_20_85_07,B03.01
Pr_20_85_07_11,I05.08
Pr_20_85_07_12,I05.08
Pr_20_85_07_20,I04.03
Pr_20_85_07_63,E02.06
Pr_20_85_07_65,F01.01
Pr_20_85_07_75,D04.06
Pr_20_85_07_84,E02.06
Pr_20_85_07_97,J01.02
Pr_20_85_08,C04.01
Pr_20_85_08_02,C04.01
Pr_20_85_08_11,C04.01
Pr_20_85_08_12,C04.01
Pr_20_85_08_15,C04.01
Pr_20_85_08_16,C01.02
Pr_20_85_08_36,C04.01
Pr_20_85_08_50,C04.01
Pr_20_85_08_63,C04.01
Pr_20_85_08_65,C04.01
Pr_20_85_08_66,C04.01
Pr_20_85_08_81,C04.01
Pr_20_85_08_82,C01.02
Pr_20_85_08_83,C04.01
Pr_20_85_08_84,C04.01
Pr_20_85_08_85,C04.01
Pr_20_85_08_86,C04.01
Pr_20_85_09,C04.01
Pr_20_85_09_01,C05.02
Pr_20_85_09_24,B03.02
Pr_20_85_09_28,D04.04
Pr_20_85_09_54,C04.01
Pr_20_85_09_63,C04.01
Pr_20_85_09_72,F01.04
Pr_20_85_09_81,C04.01
Pr_20_85_09_84,E02.06
Pr_20_85_09_88,D08.05
Pr_20_85_10,B03.04
Pr_20_85_10_70,B03.01
Pr_20_85_10_79,I06.03
Pr_20_85_11,B03.04
Pr_20_85_11_60,B04.01
Pr_20_85_11_80,B04.01
Pr_20_85_12,B03.02
Pr_20_85_12_24,C05.02
Pr_20_85_13,C01
Pr_20_85_13_29,I04.03
Pr_20_85_13_30,C01
Pr_20_85_13_32,I04.03
Pr_20_85_13_35,C01.03
Pr_20_85_13_63,I04.03
Pr_20_85_13_65,C01
Pr_20_85_14,I04.03
Pr_20_85_14_14,I04.03
Pr_20_85_14_15,I04.03
Pr_20_85_14_16,I04.03
Pr_20_85_16,C03.01
Pr_20_85_16_02,C03
Pr_20_85_16_11,C03
Pr_20_85_16_14,C03.01
Pr_20_85_16_15,C03
Pr_20_85_16_16,C03
Pr_20_85_16_17,C03
Pr_20_85_16_33,C03
Pr_20_85_16_36,C03
Pr_20_85_16_62,C03
Pr_20_85_16_81,C03
Pr_20_85_16_84,C03
Pr_20_85_16_86,C03
Pr_20_85_18,B03.04
Pr_20_85_18_10,B06.04
Pr_20_85_18_14,I04.03
Pr_20_85_18_85,B03.04
Pr_20_85_20,E02.03
Pr_20_85_20_43,E02.03
Pr_20_85_20_60,J01.01
Pr_20_85_20_82,E02.03
Pr_20_85_20_84,E02.03
Pr_20_85_20_85,E02.03
Pr_20_85_28_16,I04.03
Pr_20_85_28_29,H05.09
Pr_20_85_28_30,G06.02
Pr_20_85_28_75,I06.03
Pr_20_85_32,J01.01
Pr_20_85_32_22,C04
Pr_20_85_32_81,F01.02
Pr_20_85_32_96,G05.03
Pr_20_85_32_98,G05.03
Pr_20_85_34,B07
Pr_20_85_34_34,B03.02
Pr_20_85_46_21,D04.06
Pr_20_85_46_96,J01
Pr_20_85_47,J
Pr_20_85_47_20,G01.01
Pr_20_85_47_22,C01.03
Pr_20_85_47_47,I06.01
Pr_20_85_47_50,E02.06
Pr_20_85_47_51,G04.02
Pr_20_85_47_53,C04.02
Pr_20_85_47_84,C01.04
Pr_20_85_47_90,C04.02
Pr_20_85_48,C02.01
Pr_20_85_48_02,C01.01
Pr_20_85_48_11,C02.01
Pr_20_85_48_13,C02.01
Pr_20_85_48_15,C02.01
Pr_20_85_48_50,C02.01
Pr_20_85_48_56,C02.01
Pr_20_85_48_67,C02.01
Pr_20_85_48_84,C02.01
Pr_20_85_48_88,C02.01
Pr_20_85_50,I06.02
Pr_20_85_50_04,I06.02
Pr_20_85_50_15,D01.11
Pr_20_85_50_35,C04.05
Pr_20_85_50_85,D01.11
Pr_20_85_62,B07.02
Pr_20_85_62_10,B07.02
Pr_20_85_62_11,C01.02
Pr_20_85_62_13,B07.02
Pr_20_85_62_14,B06.04
Pr_20_85_62_16,B06.04
Pr_20_85_62_17,B07.02
Pr_20_85_62_18,B07.02
Pr_20_85_62_19,C01.02
Pr_20_85_62_23,B06.04
Pr_20_85_62_36,B07.02
Pr_20_85_62_64,I01.02
Pr_20_85_62_65,B07.02
Pr_20_85_62_66,B06.04
Pr_20_85_62_77,B06.04
Pr_20_85_62_80,B07.02
Pr_20_85_65,I02.05
Pr_20_85_65_11,I04.03
Pr_20_85_65_13,I04.03
Pr_20_85_65_15,I04.03
Pr_20_85_65_17,I04.03
Pr_20_85_70,E02.06
Pr_20_85_70_08,I06.01
Pr_20_85_70_30,I03.03
Pr_20_85_70_44,J01.01
Pr_20_85_70_45,D07.04
Pr_20_85_70_49,I06.03
Pr_20_85_70_50,J01.01
Pr_20_85_70_70,E02.06
Pr_20_85_70_76,C05.01
Pr_20_85_70_80,C02.01
Pr_20_85_71,E02.06
Pr_20_85_71_16,I04.03
Pr_20_85_72_20,I04.03
Pr_20_85_72_50,C02.01
Pr_20_85_74_71,E02.06
Pr_20_85_76,D04.06
Pr_20_85_76_09,D04.06
Pr_20_85_76_76,D05.04
Pr_20_85_84_13,B03.01
Pr_20_85_84_17,B03.01
Pr_20_85_84_19,C02
Pr_20_85_84_28,C05.02
Pr_20_85_84_36,B03.01
Pr_20_85_84_46,B03.01
Pr_20_85_84_57,B03.01
Pr_20_85_84_61,F02.03
Pr_20_85_84_68,I02.02
Pr_20_85_84_69,B03.01
Pr_20_85_84_70,F01
Pr_20_85_84_73,C02.01
Pr_20_85_84_74,B07.03
Pr_20_85_84_75,B03.01
Pr_20_85_84_79,B03.01
Pr_20_85_84_88,C04.01
Pr_20_85_84_95,D01.04
Pr_20_85_85_02,D05.04
Pr_20_85_85_36,D07.02
Pr_20_85_86_30,D09.04
Pr_20_85_86_89,I02.08
Pr_20_85_88,J01.01
Pr_20_85_88_17,I04.03
Pr_20_85_89,B03.04
Pr_20_85_90_10,C04.01
Pr_20_85_90_11,C04.05
Pr_20_85_90_12,C04.05
Pr_20_85_90_36,C04.01
Pr_20_85_90_37,C04.05
Pr_20_85_90_82,C04.05
Pr_20_85_90_84,G05.03
Pr_20_93,D01.04
Pr_20_93_33,J01.01
Pr_20_93_33_12,F01.01
Pr_20_93_33_30,D04.01
Pr_20_93_33_33,J01.01
Pr_20_93_33_34,G05.03
Pr_20_93_33_52,C02
Pr_20_93_37,D04.04
Pr_20_93_37_63,D04.04
Pr_20_93_37_66,D04.04
Pr_20_93_51_02,I04.03
Pr_20_93_52,C02
Pr_20_93_52_01,I04.03
Pr_20_93_52_02,I04.03
Pr_20_93_52_08,I04.03
Pr_20_93_52_27,C02
Pr_20_93_52_35,C04.08
Pr_20_93_52_42,C01.01
Pr_20_93_52_65,B06.03
Pr_20_93_52_73,C02.01
Pr_20_93_52_87,G05.02
Pr_20_93_71,I02.02
Pr_20_93_71_15,I04.03
Pr_20_93_71_16,I04.03
Pr_20_93_71_17,I04.03
Pr_20_93_71_18,B06.04
Pr_20_93_71_63,I06.04
Pr_20_93_71_91,E02.06
Pr_20_93_76,G01.03
Pr_20_93_76_11,G01.03
Pr_20_93_76_12,G01.03
Pr_20_93_76_15,G01.03
Pr_20_93_84,F
Pr_20_93_84_15,I04.03
Pr_20_93_84_16,I04.03
Pr_20_93_85,G05.02
Pr_20_93_85_14,C02.01
Pr_20_93_85_16,C01.01
Pr_20_93_85_88,J01.01
Pr_20_93_90,G05.03
Pr_20_93_90_50,I02.06
Pr_20_93_90_90,D07.04
Pr_20_93_92_62,B04.05
Pr_20_93_92_90,B04.01
Pr_20_93_95_44,G05.03
Pr_20_93_95_47,C02.01
Pr_20_93_96,B07.03
Pr_20_96_71_26,C02.01
Pr_20_96_71_66,B06.03
Pr_20_96_71_67,B06.03
Pr_20_96_71_73,I06.01
Pr_20_96_96,I05.08
Pr_20_96_96_12,I05.08
Pr_20_96_96_13,I05.08
Pr_20_96_96_14,B04.03
Pr_20_96_96_16,I02.08
Pr_20_96_97_27,I05.08
Pr_20_96_97_85,I02.05
Pr_25,J03
Pr_25_30,D03.02
Pr_25_30_30,C02.01
Pr_25_30_30_03,I04.02
Pr_25_30_30_06,C02.01
Pr_25_30_30_14,I04.02
Pr_25_30_30_20,C02.01
Pr_25_30_30_21,C02.01
Pr_25_30_30_22,I04.03
Pr_25_30_30_36,J01.01
Pr_25_30_30_80,J01.01
Pr_25_30_30_83,I04.02
Pr_25_30_30_86,C02.01
Pr_25_30_36,E02.06
Pr_25_30_36_03,E02.06
Pr_25_30_36_08,E02.06
Pr_25_30_36_11,E02.06
Pr_25_30_36_30,E02.06
Pr_25_30_36_34,B03.01
Pr_25_30_36_50,E02.06
Pr_25_30_36_63,E02.06
Pr_25_30_36_84,E02.06
Pr_25_30_36_96,E02.06
Pr_25_30_75,I02.08
Pr_25_30_85,I02.04
Pr_25_30_85_11,C01.04
Pr_25_30_85_16,C04.02
Pr_25_30_85_23,I01.02
Pr_25_30_85_48,H09.07
Pr_25_30_85_64,I02.05
Pr_25_30_85_65,I02.05
Pr_25_30_85_73,C01.04
Pr_25_30_85_79,I02.04
Pr_25_30_85_83,D12.06
Pr_25_30_85_84,C01.04
Pr_25_30_85_85,I02.04
Pr_25_30_85_86,C04.02
Pr_25_30_85_90,I02.04
Pr_25_30_86_15,I04.03
Pr_25_30_86_60,I04.03
Pr_25_30_86_72,I03.06
Pr_25_30_86_73,C01.04
Pr_25_30_86_83,I02.04
Pr_25_30_86_91,B03.04
Pr_25_30_90,C04.02
Pr_25_30_90_02,C01.04
Pr_25_30_90_04,C04.02
Pr_25_30_90_09,C01.04
Pr_25_30_90_10,C04.02
Pr_25_30_90_11,C04.02
Pr_25_30_90_12,C04.08
Pr_25_30_90_13,C01.04
Pr_25_30_90_14,C01.04
Pr_25_30_90_15,C01.04
Pr_25_30_90_16,C01.04
Pr_25_30_90_17,C01.04
Pr_25_30_90_18,I04.03
Pr_25_30_90_19,C04.02
Pr_25_30_90_20,C01.04
Pr_25_30_90_32,C01.04
Pr_25_30_90_33,C04.02
Pr_25_30_90_35,C04.02
Pr_25_30_90_36,C04.02
Pr_25_30_90_37,C01.04
Pr_25_30_90_50,C01.04
Pr_25_30_90_52,C04.02
Pr_25_30_90_62,C01.04
Pr_25_30_90_63,C04.02
Pr_25_30_90_70,C04.02
Pr_25_30_90_80,C01.04
Pr_25_30_90_81,C04.02
Pr_25_30_90_82,C01.04
Pr_25_30_90_83,C04.02
Pr_25_30_90_84,C04.02
Pr_25_30_90_85,G05.02
Pr_25_30_90_86,C01.04
Pr_25_30_90_88,C04.02
Pr_25_30_90_89,C04.02
Pr_25_31_28,D05.03
Pr_25_31_28_52,C01.01
Pr_25_31_28_65,F01.01
Pr_25_31_28_66,C01.01
Pr_25_31_28_67,C01.01
Pr_25_31_28_93,C01.01
Pr_25_31_48,F01.01
Pr_25_31_48_12,F01.01
Pr_25_31_48_27,F01.01
Pr_25_31_48_28,F01.01
Pr_25_31_48_34,C01.01
Pr_25_31_48_48,F01.01
Pr_25_31_48_61,F01.01
Pr_25_31_48_66,F01.01
Pr_25_31_48_71,F01.01
Pr_25_31_48_94,F01.01
Pr_25_57_06_02,F01.01
Pr_25_57_06_15,F01.01
Pr_25_57_06_28,F01.01
Pr_25_57_06_30,F01.01
Pr_25_57_06_31,C01.01
Pr_25_57_06_32,F01.01
Pr_25_57_06_34,F01.01
Pr_25_57_06_37,F01.01
Pr_25_57_06_50,C01.01
Pr_25_57_06_52,F01.01
Pr_25_57_06_53,F01.01
Pr_25_57_06_54,F01.01
Pr_25_57_06_55,F01.01
Pr_25_57_06_56,C01.01
Pr_25_57_06_57,F01.01
Pr_25_57_06_70,F01.01
Pr_25_57_06_71,F01.01
Pr_25_57_06_76,F01.01
Pr_25_57_06_94,F01.02
Pr_25_57_06_97,F01.01
Pr_25_57_08_58,E02.03
Pr_25_57_08_75,F
Pr_25_57_10,B06.04
Pr_25_57_10_09,C
Pr_25_57_10_94,F01.01
Pr_25_57_21_14,F01.02
Pr_25_57_21_33,G05.02
Pr_25_57_21_35,D04.06
Pr_25_57_21_43,D04.06
Pr_25_57_21_44,C04.01
Pr_25_57_21_65,D04.06
Pr_25_57_21_68,D04.06
Pr_25_57_21_72,D04.06
Pr_25_57_21_80,I04.03
Pr_25_57_51,H05.09
Pr_25_57_51_16,H05.09
Pr_25_57_51_28,J03
Pr_25_57_51_33,H05.09
Pr_25_57_51_54,H05.09
Pr_25_57_51_60,E03.04
Pr_25_57_51_66,E02.03
Pr_25_57_51_67,C04.05
Pr_25_57_51_68,B06.04
Pr_25_57_51_74,B06.04
Pr_25_57_53,G06.04
Pr_25_57_56_07,I06.03
Pr_25_57_56_52,I06.03
Pr_25_57_56_56,I06.03
Pr_25_57_61_79,E02.03
Pr_25_57_61_80,E02.03
Pr_25_57_61_97,E02.03
Pr_25_57_65,E02.03
Pr_25_57_65_60,B06.04
Pr_25_57_85,J03
Pr_25_57_85_62,H05.09
Pr_25_57_90,H05.09
Pr_25_57_90_03,H05.09
Pr_25_57_90_15,H05.09
Pr_25_57_90_29,H05.09
Pr_25_57_90_34,H05.09
Pr_25_57_90_63,H05.09
Pr_25_57_90_75,G05.03
Pr_25_57_90_81,F01.02
Pr_25_57_90_85,J01.01
Pr_25_71,J01.01
Pr_25_71_11,B06.04
Pr_25_71_11_20,I04.03
Pr_25_71_11_25,I04.03
Pr_25_71_11_27,I04.03
Pr_25_71_11_29,I04.03
Pr_25_71_11_33,C01.01
Pr_25_71_14,E02.03
Pr_25_71_14_07,J01.01
Pr_25_71_14_09,J01.01
Pr_25_71_14_12,J01.01
Pr_25_71_14_14,J01.01
Pr_25_71_14_15,J01.01
Pr_25_71_14_16,C03.01
Pr_25_71_14_18,E02.03
Pr_25_71_14_19,J01.01
Pr_25_71_14_29,C01.01
Pr_25_71_14_35,E02.03
Pr_25_71_14_36,E02.03
Pr_25_71_14_46,J01.01
Pr_25_71_14_52,E02.03
Pr_25_71_14_56,J01.01
Pr_25_71_14_62,E
Pr_25_71_14_71,J01.01
Pr_25_71_14_75,E02.03
Pr_25_71_14_77,E02.03
Pr_25_71_14_84,E02.01
Pr_25_71_14_86,E02.01
Pr_25_71_14_88,J01.01
Pr_25_71_18_45,B03.01
Pr_25_71_22,J
Pr_25_71_29,D09.04
Pr_25_71_29_04,J04.02
Pr_25_71_29_17,I04.03
Pr_25_71_29_24,C05.02
Pr_25_71_29_56,D09.04
Pr_25_71_29_60,J01.01
Pr_25_71_29_62,C01.01
Pr_25_71_29_76,B08
Pr_25_71_29_86,C01.01
Pr_25_71_29_88,B08
Pr_25_71_33_14,G05.03
Pr_25_71_33_33,C04.01
Pr_25_71_33_35,J01.01
Pr_25_71_33_36,D04.01
Pr_25_71_33_46,G05.03
Pr_25_71_33_84,G05.03
Pr_25_71_35,B06.04
Pr_25_71_35_63,J01.01
Pr_25_71_42,J01.01
Pr_25_71_42_08,J01.01
Pr_25_71_42_52,J01.01
Pr_25_71_42_59,J01.01
Pr_25_71_42_70,J01.01
Pr_25_71_42_71,G02.01
Pr_25_71_43,G05.03
Pr_25_71_43_62,G05.03
Pr_25_71_50,J01.01
Pr_25_71_50_02,J01.01
Pr_25_71_50_03,J01.01
Pr_25_71_50_04,J01.01
Pr_25_71_50_14,J01.01
Pr_25_71_50_15,J01.01
Pr_25_71_50_16,I05.08
Pr_25_71_50_17,J01.01
Pr_25_71_50_21,I05.08
Pr_25_71_50_22,J01.01
Pr_25_71_50_23,J01.01
Pr_25_71_50_24,J01.01
Pr_25_71_50_51,J01.01
Pr_25_71_50_52,J01.01
Pr_25_71_50_60,J01.01
Pr_25_71_50_61,J01.01
Pr_25_71_50_79,J01.01
Pr_25_71_50_83,J01.01
Pr_25_71_50_96,J01.01
Pr_25_71_51_01,B06.04
Pr_25_71_51_05,B06.04
Pr_25_71_51_11,G05.03
Pr_25_71_51_12,J01.01
Pr_25_71_51_47,B06.04
Pr_25_71_51_88,C02.01
Pr_25_71_52_13,F01.01
Pr_25_71_52_15,D04
Pr_25_71_52_17,D04
Pr_25_71_53,J01.04
Pr_25_71_53_91,J01.04
Pr_25_71_53_92,J01.04
Pr_25_71_53_93,J01.04
Pr_25_71_57,J01.01
Pr_25_71_57_06,B03.01
Pr_25_71_57_11,G05.03
Pr_25_71_57_12,I04.03
Pr_25_71_57_13,C02.01
Pr_25_71_57_14,I04.03
Pr_25_71_57_15,I05.08
Pr_25_71_57_16,I05.08
Pr_25_71_57_17,C02.01
Pr_25_71_57_18,I04.03
Pr_25_71_57_19,D07.01
Pr_25_71_57_22,I05.08
Pr_25_71_57_24,J01.01
Pr_25_71_57_30,J01.01
Pr_25_71_57_34,J01.01
Pr_25_71_57_35,J01.01
Pr_25_71_57_37,J01.01
Pr_25_71_57_38,J01.01
Pr_25_71_57_39,I05.08
Pr_25_71_57_60,G01.01
Pr_25_71_57_61,G01.01
Pr_25_71_57_62,J01.01
Pr_25_71_57_63,J01.01
Pr_25_71_57_64,I02.08
Pr_25_71_57_65,J01.01
Pr_25_71_57_73,J01.01
Pr_25_71_57_81,J01.01
Pr_25_71_57_82,J01.01
Pr_25_71_57_83,I05.08
Pr_25_71_57_87,J01.01
Pr_25_71_57_88,J01.01
Pr_25_71_57_90,J01.01
Pr_25_71_63_24,I05.06
Pr_25_71_63_60,B02.05
Pr_25_71_70,F01.01
Pr_25_71_70_78,F01.01
Pr_25_71_80_95,D04
Pr_25_71_94_27,I04.02
Pr_25_71_94_29,H05.09
Pr_25_71_94_52,B06.04
Pr_25_71_94_95,B06.04
Pr_25_71_97,G05.03
Pr_25_71_97_16,J01.01
Pr_25_71_97_34,D04
Pr_25_71_97_36,J01.01
Pr_25_71_97_37,G05.03
Pr_25_71_97_38,E02.06
Pr_25_71_97_43,G05.03
Pr_25_71_97_47,J01.01
Pr_25_71_97_52,J01.01
Pr_25_71_97_54,J01.01
Pr_25_71_97_60,J01.01
Pr_25_71_97_77,J01.01
Pr_25_71_97_78,G05.03
Pr_25_71_97_79,I02.08
Pr_25_71_97_84,G05.03
Pr_25_71_97_87,G05.03
Pr_25_71_97_88,G05.03
Pr_25_71_97_90,G05.03
Pr_25_71_97_93,G05.03
Pr_25_71_97_96,J01.01
Pr_25_71_97_97,G05.03
Pr_25_80,D04.06
Pr_25_80_79,G06.02
Pr_25_80_79_01,D04.01
Pr_25_80_79_03,G06.02
Pr_25_80_79_14,J03.02
Pr_25_80_79_15,J03.02
Pr_25_80_79_37,D04.06
Pr_25_80_79_38,G06.02
Pr_25_80_79_39,G05.03
Pr_25_80_79_86,D04.01
Pr_25_80_79_94,G06.02
Pr_25_80_79_95,J03.01
Pr_25_80_79_96,G05.03
Pr_25_80_80,G06.02
Pr_25_80_81,G06.02
Pr_25_80_81_12,G06.02
Pr_25_80_81_34,G06.02
Pr_25_93,J03
Pr_25_93_45,G05.02
Pr_25_93_45_05,I04.02
Pr_25_93_45_18,I04.02
Pr_25_93_45_21,I04.03
Pr_25_93_45_24,I04.02
Pr_25_93_45_26,I03.06
Pr_25_93_45_62,I04.02
Pr_25_93_45_90,I03.06
Pr_25_93_47_52,J01.01
Pr_25_93_50_22,I04.03
Pr_25_93_50_23,I04.03
Pr_25_93_51_35,C04.05
Pr_25_93_51_39,C04.05
Pr_25_93_51_56,C03.01
Pr_25_93_52,C05.01
Pr_25_93_52_15,I04.03
Pr_25_93_60,D07.02
Pr_25_93_60_11,B05.01
Pr_25_93_60_12,I05.06
Pr_25_93_60_13,I04.03
Pr_25_93_60_14,I04.03
Pr_25_93_60_15,I04.03
Pr_25_93_60_16,I06.02
Pr_25_93_60_17,I04.03
Pr_25_93_60_19,I04.03
Pr_25_93_60_20,I04.03
Pr_25_93_60_22,I04.03
Pr_25_93_60_28,I04.03
Pr_25_93_60_33,I04.03
Pr_25_93_60_58,I04.03
Pr_25_93_70,I04.03
Pr_25_93_70_11,E02.06
Pr_25_93_70_70,J01.01
Pr_25_93_72,E02.03
Pr_25_93_72_17,I04.03
Pr_25_93_72_18,I04.03
Pr_25_93_72_30,I04.03
Pr_25_93_72_52,G02
Pr_25_93_72_96,I06.03
Pr_25_93_72_97,F01
Pr_25_96_35_76,D09.03
Pr_25_96_35_96,J02.03
Pr_30_31_76_27,F01.01
Pr_30_31_76_40,D04.01
Pr_30_36,D01.11
Pr_30_36_08,D03.04
Pr_30_36_08_06,C04.05
Pr_30_36_08_11,D03.04
Pr_30_36_08_12,D03.04
Pr_30_36_08_13,D03.04
Pr_30_36_08_15,D03.04
Pr_30_36_08_16,D03.04
Pr_30_36_08_19,D03.04
Pr_30_36_08_20,D03.04
Pr_30_36_08_21,D03.04
Pr_30_36_08_23,D03.04
Pr_30_36_08_24,D03.04
Pr_30_36_08_25,D03.04
Pr_30_36_08_27,D03.04
Pr_30_36_08_28,D01.04
Pr_30_36_08_30,F02.02
Pr_30_36_08_33,J01
Pr_30_36_08_36,D03.04
Pr_30_36_08_42,D03.04
Pr_30_36_08_43,D03.04
Pr_30_36_08_44,D03.04
Pr_30_36_08_45,D03.04
Pr_30_36_08_46,D03.04
Pr_30_36_08_51,D03.04
Pr_30_36_08_53,D03.04
Pr_30_36_08_54,D03.04
Pr_30_36_08_56,D02.03
Pr_30_36_08_61,D03.04
Pr_30_36_08_62,D03.04
Pr_30_36_08_68,D03.04
Pr_30_36_08_71,D03.04
Pr_30_36_08_75,D03.04
Pr_30_36_08_76,D03.04
Pr_30_36_08_80,D03.04
Pr_30_36_08_84,D03.04
Pr_30_36_08_87,D03.04
Pr_30_36_08_88,D03.04
Pr_30_36_08_94,J02.03
Pr_30_36_08_96,G05.03
Pr_30_36_08_97,D03.04
Pr_30_36_08_98,G05.03
Pr_30_36_33,J02.03
Pr_30_36_33_20,D04.01
Pr_30_36_33_21,D04.01
Pr_30_36_33_22,D03.02
Pr_30_36_33_24,D03.04
Pr_30_36_33_27,C02.01
Pr_30_36_33_29,C02.01
Pr_30_36_33_45,C02.01
Pr_30_36_33_52,E02.06
Pr_30_36_33_68,C02.01
Pr_30_36_33_76,D03
Pr_30_36_36_04,D09.05
Pr_30_36_36_07,C04.05
Pr_30_36_36_09,G01.06
Pr_30_36_36_10,G05.03
Pr_30_36_36_11,J01.01
Pr_30_36_36_14,F02.03
Pr_30_36_36_21,G01.06
Pr_30_36_36_22,G01.06
Pr_30_36_36_24,J01.01
Pr_30_36_36_29,D09.05
Pr_30_36_36_66,G01.06
Pr_30_36_36_79,D03.04
Pr_30_36_36_86,I06.03
Pr_30_36_36_96,G05.03
Pr_30_36_59_15,D03.02
Pr_30_36_59_22,D03.02
Pr_30_36_59_23,D04.06
Pr_30_36_59_24,D03.02
Pr_30_36_59_25,D03.02
Pr_30_36_59_27,D04.01
Pr_30_36_59_31,J01
Pr_30_36_59_32,D04.01
Pr_30_36_59_36,C01.04
Pr_30_36_59_45,G05.02
Pr_30_36_59_53,G05.03
Pr_30_36_59_62,D03.04
Pr_30_36_59_76,G05.03
Pr_30_36_59_78,D03.02
Pr_30_36_59_92,D03.02
Pr_30_36_59_95,D03.04
Pr_30_59,C05.01
Pr_30_59_01,C01.04
Pr_30_59_01_11,C01.04
Pr_30_59_01_23,C01.04
Pr_30_59_01_27,H09.07
Pr_30_59_01_90,H09.07
Pr_30_59_01_96,C01.04
Pr_30_59_07,E03.04
Pr_30_59_07_02,E03.04
Pr_30_59_07_03,G05.04
Pr_30_59_07_05,E03.04
Pr_30_59_07_07,E03.04
Pr_30_59_07_26,E03.04
Pr_30_59_07_27,E03.04
Pr_30_59_07_31,G05.02
Pr_30_59_07_60,E03.04
Pr_30_59_07_64,E03.04
Pr_30_59_07_66,E03.04
Pr_30_59_07_68,E03.04
Pr_30_59_07_70,E03.04
Pr_30_59_07_72,E03.04
Pr_30_59_07_73,E03.04
Pr_30_59_07_86,E03.04
Pr_30_59_07_94,E03.04
Pr_30_59_07_95,E03.04
Pr_30_59_07_96,E03.04
Pr_30_59_12_06,C04.01
Pr_30_59_12_10,D03.04
Pr_30_59_12_23,D09.03
Pr_30_59_12_33,C02.01
Pr_30_59_12_47,D03.04
Pr_30_59_12_48,D03.04
Pr_30_59_15,D03.02
Pr_30_59_15_32,D03.02
Pr_30_59_15_36,D03.02
Pr_30_59_15_62,G01.05
Pr_30_59_23,G01.06
Pr_30_59_23_02,E03.03
Pr_30_59_23_11,G01.06
Pr_30_59_23_15,E03.03
Pr_30_59_23_16,G01.06
Pr_30_59_23_96,E03.03
Pr_30_59_24,G01.06
Pr_30_59_24_02,E03.03
Pr_30_59_24_04,D03.04
Pr_30_59_24_05,D03.04
Pr_30_59_24_11,E03.03
Pr_30_59_24_15,D03.04
Pr_30_59_24_16,E03.03
Pr_30_59_24_30,E03.03
Pr_30_59_24_34,E03.03
Pr_30_59_24_37,D03.02
Pr_30_59_24_38,E03.03
Pr_30_59_24_48,G01.06
Pr_30_59_24_49,G01.06
Pr_30_59_24_50,D03.04
Pr_30_59_24_52,G01.06
Pr_30_59_24_64,G05.03
Pr_30_59_24_70,J01.01
Pr_30_59_24_75,E03.03
Pr_30_59_24_80,G01
Pr_30_59_24_81,E03.03
Pr_30_59_24_84,E03.04
Pr_30_59_24_85,G01.06
Pr_30_59_24_86,E03.03
Pr_30_59_24_93,G01.06
Pr_30_59_24_95,E03.03
Pr_30_59_24_97,G01.06
Pr_30_59_28_26,I06.01
Pr_30_59_28_28,I06.03
Pr_30_59_29,F01.04
Pr_30_59_29_30,C04.04
Pr_30_59_29_71,F01.04
Pr_30_59_29_72,F01.04
Pr_30_59_29_74,F01.04
Pr_30_59_29_75,F01.04
Pr_30_59_29_77,F01.04
Pr_30_59_29_82,D05.02
Pr_30_59_34_26,C04.05
Pr_30_59_34_28,G01.06
Pr_30_59_34_30,I05.05
Pr_30_59_34_37,I02.08
Pr_30_59_34_38,I02.08
Pr_30_59_34_40,I02.04
Pr_30_59_34_41,E02.06
Pr_30_59_36,F02.01
Pr_30_59_36_01,J01.01
Pr_30_59_36_02,J01.04
Pr_30_59_36_07,C01.02
Pr_30_59_36_11,F02.01
Pr_30_59_36_30,F02.01
Pr_30_59_36_50,D03.02
Pr_30_59_36_74,C04.05
Pr_30_59_36_76,F02.01
Pr_30_59_36_96,B07.03
Pr_30_59_46,D12.06
Pr_30_59_46_46,H09.07
Pr_30_59_46_47,D12.06
Pr_30_59_46_48,H09.07
Pr_30_59_46_49,D12.06
Pr_30_59_46_63,D12.06
Pr_30_59_48_52,J01.04
Pr_30_59_48_77,D03.02
Pr_30_59_48_98,J01.01
Pr_30_59_57,D03
Pr_30_59_57_28,D12.04
Pr_30_59_57_29,E03.04
Pr_30_59_57_31,F01
Pr_30_59_57_41,B03.01
Pr_30_59_57_58,D05.02
Pr_30_59_57_76,E03.04
Pr_30_59_57_77,G05.03
Pr_30_59_58,F01.04
Pr_30_59_58_50,F01.04
Pr_30_59_58_88,F01.04
Pr_30_59_59,G06.02
Pr_30_59_59_15,C04.01
Pr_30_59_59_79,G06.02
Pr_30_59_60,B03.04
Pr_30_59_60_03,B03.04
Pr_30_59_60_15,B03.04
Pr_30_59_60_56,B03.04
Pr_30_59_60_87,B03.04
Pr_30_59_61_32,D01.05
Pr_30_59_61_35,D01.05
Pr_30_59_61_36,D04.06
Pr_30_59_61_57,D04.06
Pr_30_59_72,F02.02
Pr_30_59_72_17,F01.04
Pr_30_59_72_21,B04.05
Pr_30_59_72_24,E03.01
Pr_30_59_72_30,F
Pr_30_59_72_31,C04.05
Pr_30_59_72_33,C04.05
Pr_30_59_72_34,C04.05
Pr_30_59_72_42,C04.05
Pr_30_59_72_46,J01.03
Pr_30_59_72_57,D01.05
Pr_30_59_72_77,F02.02
Pr_30_59_84,E03.04
Pr_30_59_84_30,E03.04
Pr_30_59_84_72,G05.02
Pr_30_59_84_73,E03.04
Pr_30_59_94,D07
Pr_30_59_94_04,D07
Pr_30_59_94_06,D06.02
Pr_30_59_94_31,D07.02
Pr_30_59_94_32,D04.01
Pr_30_59_94_78,E02.05
Pr_30_59_94_90,D05.05
Pr_30_59_95,D08.05
Pr_30_59_95_30,D03.02
Pr_30_59_96,D07.01
Pr_30_59_96_11,E02.03
Pr_30_59_96_33,G05.02
Pr_30_59_96_92,D07.01
Pr_30_59_96_93,D07
Pr_30_59_96_96,D01.04
Pr_30_59_97,J01.01
Pr_30_59_97_16,G05.03
Pr_30_59_97_80,D01.04
Pr_30_59_97_90,D01.04
Pr_30_59_97_94,J01.01
Pr_30_59_98,G05.02
Pr_30_59_98_03,F02
Pr_30_59_98_13,G05.02
Pr_30_59_98_15,G05.03
Pr_30_59_98_72,C04.05
Pr_30_59_98_83,G05.03
Pr_30_59_98_84,F01.04
Pr_30_59_98_93,C04.05
Pr_30_59_98_96,G05.03
Pr_30_59_98_97,F01.04
Pr_30_59_99,B07.03
Pr_30_59_99_02,E03
Pr_30_59_99_15,G05.03
Pr_30_59_99_83,G05.03
Pr_30_59_99_96,G05.03
Pr_40,H05.07
Pr_40_10,J01.04
Pr_40_10_57_12,J01.04
Pr_40_10_57_15,J01.04
Pr_40_10_57_23,D01
Pr_40_10_57_30,D01.04
Pr_40_10_57_32,D04.04
Pr_40_10_57_33,D04.01
Pr_40_10_57_36,D07.02
Pr_40_10_57_40,C01.04
Pr_40_10_57_45,D01.04
Pr_40_10_57_50,J01.04
Pr_40_10_57_52,C05.02
Pr_40_10_57_59,J04.01
Pr_40_10_57_62,D01.05
Pr_40_10_57_64,B05.01
Pr_40_10_57_65,B03.02
Pr_40_10_57_66,J01.04
Pr_40_10_57_67,D12.06
Pr_40_10_57_86,D03.03
Pr_40_10_57_88,D01.10
Pr_40_10_57_93,B04.03
Pr_40_10_57_94,B04.03
Pr_40_10_57_95,J01.04
Pr_40_10_57_96,J01.04
Pr_40_10_57_97,J01.04
Pr_40_10_57_98,D04.01
Pr_40_10_77,J01.04
Pr_40_10_77_02,J01.01
Pr_40_10_77_06,J01.04
Pr_40_10_77_11,J01.04
Pr_40_10_77_20,J01.04
Pr_40_10_77_22,I04.04
Pr_40_10_77_26,J01.04
Pr_40_10_77_27,I06.02
Pr_40_10_77_29,I05.08
Pr_40_10_77_30,I06.02
Pr_40_10_77_31,D04.01
Pr_40_10_77_37,J01.04
Pr_40_10_77_38,I06.02
Pr_40_10_77_40,J04.01
Pr_40_10_77_41,I06.02
Pr_40_10_77_42,I06.02
Pr_40_10_77_46,I06.02
Pr_40_10_77_52,I06.02
Pr_40_10_77_53,I06.02
Pr_40_10_77_63,J04.01
Pr_40_10_77_64,D12.06
Pr_40_10_77_66,I06.02
Pr_40_10_77_69,J01.04
Pr_40_10_77_70,B03.04
Pr_40_10_77_72,B03.04
Pr_40_10_77_76,I06.02
Pr_40_10_77_77,J01.04
Pr_40_10_77_79,J01.04
Pr_40_10_77_82,C01.04
Pr_40_10_77_84,C02.01
Pr_40_10_77_85,J01.04
Pr_40_10_77_86,J01.04
Pr_40_10_77_89,E02.06
Pr_40_10_77_90,C01.04
Pr_40_10_77_92,I06.02
Pr_40_10_77_94,J01.04
Pr_40_10_77_96,J01.04
Pr_40_10_77_97,I06.02
Pr_40_10_90,D08.04
Pr_40_10_90_21,J01.04
Pr_40_10_90_31,D04.01
Pr_40_10_90_56,J01.04
Pr_40_10_90_65,D04.01
Pr_40_20,H05.07
Pr_40_20_06,D08.05
Pr_40_20_06_02,D08.05
Pr_40_20_06_08,D08.05
Pr_40_20_06_11,D08.05
Pr_40_20_06_36,D08.05
Pr_40_20_06_38,D08.05
Pr_40_20_06_78,D08.05
Pr_40_20_06_79,D08.05
Pr_40_20_06_80,D08.05
Pr_40_20_06_82,D08.05
Pr_40_20_06_83,D08.05
Pr_40_20_06_84,D08.05
Pr_40_20_06_99,D08.05
Pr_40_20_27,D08.05
Pr_40_20_27_15,D08.05
Pr_40_20_27_28,D08.05
Pr_40_20_27_75,D08.05
Pr_40_20_60,I05.05
Pr_40_20_60_02,D08.05
Pr_40_20_60_75,G05.06
Pr_40_20_60_85,J01.01
Pr_40_20_60_96,D09.05
Pr_40_20_76,I05.05
Pr_40_20_76_02,D07.02
Pr_40_20_76_07,J01.01
Pr_40_20_76_82,G05.02
Pr_40_20_76_84,B03.01
Pr_40_20_76_86,D08.05
Pr_40_20_76_88,D08.05
Pr_40_20_76_92,J02.03
Pr_40_20_76_93,H05.06
Pr_40_20_76_94,G05.02
Pr_40_20_76_95,J01
Pr_40_20_76_97,D01.06
Pr_40_20_76_98,D08.05
Pr_40_20_87,B03.02
Pr_40_20_87_07,D11.05
Pr_40_20_87_08,D11.05
Pr_40_20_87_09,D08.05
Pr_40_20_87_10,D06.02
Pr_40_20_87_31,B04.03
Pr_40_20_87_33,I05.05
Pr_40_20_87_35,B04.03
Pr_40_20_87_37,D11.05
Pr_40_20_87_43,B04.03
Pr_40_20_87_49,B04.03
Pr_40_20_87_50,D11.05
Pr_40_20_87_51,D11.05
Pr_40_20_87_55,D11.05
Pr_40_20_87_60,D10.05
Pr_40_20_87_75,B03.02
Pr_40_20_87_76,D08.05
Pr_40_20_87_77,D08.05
Pr_40_20_87_78,D08.01
Pr_40_20_87_79,D05.02
Pr_40_20_87_80,B04.03
Pr_40_20_87_81,D08.01
Pr_40_20_87_82,D08.01
Pr_40_20_87_83,D08.05
Pr_40_20_87_84,D08.05
Pr_40_20_87_85,D08.01
Pr_40_20_87_89,D08.05
Pr_40_20_87_95,D11.05
Pr_40_20_87_96,D08.01
Pr_40_20_87_98,D11.05
Pr_40_20_93,D08.05
Pr_40_20_93_30,D08.05
Pr_40_20_93_37,D09.05
Pr_40_20_93_38,D08.05
Pr_40_20_93_39,D08.05
Pr_40_20_93_62,D08.06
Pr_40_20_93_74,D08.05
Pr_40_20_93_77,D08.05
Pr_40_20_93_78,D08.05
Pr_40_20_93_80,D08.05
Pr_40_20_93_82,D08.05
Pr_40_20_93_84,D08.05
Pr_40_20_93_85,D08.05
Pr_40_20_93_87,B03.02
Pr_40_20_93_89,D08.05
Pr_40_20_93_90,D08.05
Pr_40_20_93_92,D08.05
Pr_40_20_93_94,D08.05
Pr_40_20_93_95,D08.05
Pr_40_20_93_97,D08.05
Pr_40_20_93_99,H04.04
Pr_40_20_96,D08.05
Pr_40_20_96_15,D08.05
Pr_40_20_96_17,D08.05
Pr_40_20_96_18,D01.06
Pr_40_20_96_19,D08.05
Pr_40_20_96_34,D08.05
Pr_40_20_96_35,H04.02
Pr_40_20_96_36,D08.05
Pr_40_20_96_38,D08.05
Pr_40_20_96_39,D08.05
Pr_40_20_96_40,J03.02
Pr_40_20_96_42,D08.05
Pr_40_20_96_44,D08.05
Pr_40_20_96_45,D08.05
Pr_40_20_96_46,H04
Pr_40_20_96_47,H04.04
Pr_40_20_96_63,D08.05
Pr_40_20_96_70,D08.05
Pr_40_20_96_81,D08.05
Pr_40_20_96_92,D08.05
Pr_40_20_96_95,D08.05
Pr_40_20_96_96,D01.06
Pr_40_20_96_97,D08.05
Pr_40_20_96_99,D08.05
Pr_40_30,B03.02
Pr_40_30_04_06,G05.07
Pr_40_30_04_07,D08.05
Pr_40_30_04_08,G05.07
Pr_40_30_04_41,C04.05
Pr_40_30_04_56,I06.03
Pr_40_30_04_57,C04
Pr_40_30_20,J03.01
Pr_40_30_20_02,J03.02
Pr_40_30_20_03,D03.01
Pr_40_30_20_20,G05.03
Pr_40_30_20_30,D04.01
Pr_40_30_20_38,J03.02
Pr_40_30_20_59,D01.11
Pr_40_30_20_63,J03.02
Pr_40_30_20_64,J03.02
Pr_40_30_20_67,G05.03
Pr_40_30_20_70,G05.03
Pr_40_30_20_71,H08.03
Pr_40_30_20_77,G05.03
Pr_40_30_20_78,J03.01
Pr_40_30_20_83,G05.03
Pr_40_30_20_84,J03.02
Pr_40_30_20_86,G05.03
Pr_40_30_20_96,G05.03
Pr_40_30_20_97,J03.01
Pr_40_30_21,G05.07
Pr_40_30_21_12,G05.07
Pr_40_30_21_13,G04.01
Pr_40_30_21_20,G05.07
Pr_40_30_21_35,G05.07
Pr_40_30_21_36,G05.07
Pr_40_30_21_65,D06.03
Pr_40_30_21_84,G05.07
Pr_40_30_21_96,G05.07
Pr_40_30_22,D09.05
Pr_40_30_22_05,D09.02
Pr_40_30_22_11,D09.05
Pr_40_30_22_34,B03.01
Pr_40_30_22_38,D09.05
Pr_40_30_22_60,D09.05
Pr_40_30_22_64,D09.05
Pr_40_30_22_82,D09.05
Pr_40_30_25,D07.04
Pr_40_30_25_03,I06.02
Pr_40_30_25_04,J01
Pr_40_30_25_13,J01.01
Pr_40_30_25_17,I06.02
Pr_40_30_25_23,D01.11
Pr_40_30_25_25,D01.11
Pr_40_30_25_30,D01.11
Pr_40_30_25_42,J01.01
Pr_40_30_25_47,D01.05
Pr_40_30_25_48,D01.11
Pr_40_30_25_50,J01.01
Pr_40_30_25_55,D01.11
Pr_40_30_25_58,J01.01
Pr_40_30_25_64,J01.01
Pr_40_30_25_65,D01.11
Pr_40_30_25_67,D01.11
Pr_40_30_25_71,B04.01
Pr_40_30_25_88,B07.03
Pr_40_30_25_96,J01.01
Pr_40_30_26,G06.04
Pr_40_30_26_12,G05.07
Pr_40_30_26_30,G05.07
Pr_40_30_26_32,G05.07
Pr_40_30_26_55,G05.07
Pr_40_30_26_63,G06.04
Pr_40_30_26_65,G05.07
Pr_40_30_26_72,G05.07
Pr_40_30_26_79,G05.07
Pr_40_30_28,H09.08
Pr_40_30_28_34,I02.05
Pr_40_30_28_59,C04.05
Pr_40_30_29,I06.01
Pr_40_30_29_05,J03.02
Pr_40_30_29_22,D08.05
Pr_40_30_29_28,I06.01
Pr_40_30_29_29,D08.05
Pr_40_30_29_31,I06.01
Pr_40_30_29_46,E02.06
Pr_40_30_29_61,I06.01
Pr_40_30_29_79,I06.01
Pr_40_30_29_83,I06.01
Pr_40_30_29_84,I06.01
Pr_40_30_29_85,D08.05
Pr_40_30_29_88,G05.02
Pr_40_30_29_96,D12.01
Pr_40_30_29_97,I06.01
Pr_40_30_29_98,G05.03
Pr_40_30_30,J01.01
Pr_40_30_30_17,I06.01
Pr_40_30_30_18,G05.02
Pr_40_30_30_22,G05.02
Pr_40_30_30_23,G05.02
Pr_40_30_30_32,G05.02
Pr_40_30_30_42,I06.01
Pr_40_30_30_45,D08.05
Pr_40_30_30_46,G05.02
Pr_40_30_30_47,H02
Pr_40_30_30_48,G05.02
Pr_40_30_30_71,J01.01
Pr_40_30_30_78,J01.02
Pr_40_30_30_80,D08.05
Pr_40_30_30_86,I06.01
Pr_40_30_30_96,G05.02
Pr_40_30_31,I06.02
Pr_40_30_31_29,I06.02
Pr_40_30_31_33,I06.02
Pr_40_30_31_34,I06.02
Pr_40_30_31_35,I06.02
Pr_40_30_31_53,I06.02
Pr_40_30_31_70,I06.02
Pr_40_30_31_71,I06.02
Pr_40_30_31_96,I06.02
Pr_40_30_50,B04.01
Pr_40_30_50_46,G05.07
Pr_40_30_50_47,G05.07
Pr_40_30_50_49,C02.01
Pr_40_30_50_65,G05.07
Pr_40_30_53,J01.04
Pr_40_30_53_06,J01.04
Pr_40_30_53_14,J01.04
Pr_40_30_53_30,J01.04
Pr_40_30_53_31,J01.04
Pr_40_30_53_32,J01.04
Pr_40_30_53_59,J01.04
Pr_40_30_53_65,J01.04
Pr_40_30_53_70,J01.04
Pr_40_30_53_73,J01.04
Pr_40_30_53_96,J01.04
Pr_40_30_55,D01.11
Pr_40_30_55_10,C04.01
Pr_40_30_61,D01.11
Pr_40_30_61_15,I06.03
Pr_40_30_61_18,I06.03
Pr_40_30_61_40,I06.03
Pr_40_30_61_42,I06.03
Pr_40_30_61_52,I06.03
Pr_40_30_61_59,B04.01
Pr_40_30_61_61,J01.01
Pr_40_30_61_62,I02.05
Pr_40_30_61_64,C01.04
Pr_40_30_61_65,I06.03
Pr_40_30_61_66,I06.03
Pr_40_30_61_67,I06.03
Pr_40_30_61_79,I06.01
Pr_40_30_61_82,I06.02
Pr_40_30_61_95,D01.11
Pr_40_30_61_96,I05.05
Pr_40_30_61_97,I02.05
Pr_40_30_61_98,J01.01
Pr_40_30_65,B03.02
Pr_40_30_65_12,D01.04
Pr_40_30_65_13,J01.02
Pr_40_30_65_65,D01.04
Pr_40_30_66_22,D01.11
Pr_40_30_75,D01.04
Pr_40_30_75_16,D03
Pr_40_30_75_20,J01.01
Pr_40_30_75_29,D04
Pr_40_30_75_30,D01.04
Pr_40_30_75_31,J01.01
Pr_40_30_75_36,D03
Pr_40_30_75_38,J01.02
Pr_40_30_75_45,D01.04
Pr_40_30_75_49,D01.04
Pr_40_30_75_51,H05.12
Pr_40_30_75_55,D01.04
Pr_40_30_75_63,C02.01
Pr_40_30_75_76,H09.08
Pr_40_30_75_77,I02.08
Pr_40_30_75_84,D01.04
Pr_40_30_75_93,G02
Pr_40_30_75_94,D03.04
Pr_40_30_75_96,B07.03
Pr_40_30_78,G05.01
Pr_40_30_78_08,H09.09
Pr_40_30_78_13,H09.09
Pr_40_30_78_15,G05.07
Pr_40_30_78_16,G05.07
Pr_40_30_78_17,H09.09
Pr_40_30_78_27,H09.09
Pr_40_30_78_35,B02.04
Pr_40_30_78_47,G05.01
Pr_40_30_78_53,G05.01
Pr_40_30_78_58,J01.01
Pr_40_30_78_65,H09.09
Pr_40_30_78_70,H09.09
Pr_40_30_78_71,G05.01
Pr_40_30_78_77,G05.01
Pr_40_30_78_78,G05.01
Pr_40_30_78_80,I03.05
Pr_40_30_78_85,G05.01
Pr_40_30_78_95,G05.01
Pr_40_30_80_78,B04.05
Pr_40_30_80_80,D12.06
Pr_40_30_80_81,E02.06
Pr_40_30_80_82,C01.04
Pr_40_30_80_83,C01.04
Pr_40_30_83,B03.02
Pr_40_30_83_08,I06.03
Pr_40_30_83_10,I06.03
Pr_40_30_83_11,B07.03
Pr_40_30_83_14,I06.03
Pr_40_30_84,I06.03
Pr_40_30_84_04,I06.03
Pr_40_30_84_05,I06.03
Pr_40_30_84_28,I06.03
Pr_40_30_84_29,I06.03
Pr_40_30_84_31,I06.03
Pr_40_30_84_33,I06.03
Pr_40_30_84_36,I06.03
Pr_40_30_84_39,I06.03
Pr_40_30_84_40,I06.03
Pr_40_30_84_46,I06.03
Pr_40_30_84_56,I06.03
Pr_40_30_84_65,I06.03
Pr_40_30_84_69,I06.03
Pr_40_30_84_74,I06.03
Pr_40_30_85,I06.03
Pr_40_30_85_04,I06.03
Pr_40_30_85_06,I06.03
Pr_40_30_85_17,I06.03
Pr_40_30_85_34,I06.03
Pr_40_30_85_80,I06.03
Pr_40_30_85_85,I06.03
Pr_40_30_85_87,I06.03
Pr_40_30_85_95,I06.03
Pr_40_30_86,B03.02
Pr_40_30_86_22,D12.06
Pr_40_30_86_24,C04.05
Pr_40_30_86_32,I02.05
Pr_40_30_86_59,B03.01
Pr_40_30_86_78,D08.02
Pr_40_30_86_80,I06.03
Pr_40_30_86_88,J01.01
Pr_40_30_86_90,J01.01
Pr_40_30_86_96,J01.04
Pr_40_30_87,J01.01
Pr_40_30_87_03,J01.01
Pr_40_30_87_07,H05.03
Pr_40_30_87_10,G05.01
Pr_40_30_87_12,B02.04
Pr_40_30_87_14,J01.01
Pr_40_30_87_17,J01.01
Pr_40_30_87_20,J01.01
Pr_40_30_87_24,D01.11
Pr_40_30_87_25,G05.02
Pr_40_30_87_26,G05.01
Pr_40_30_87_29,G05.01
Pr_40_30_87_30,G05.01
Pr_40_30_87_31,J01.01
Pr_40_30_87_33,J01.01
Pr_40_30_87_40,B02.04
Pr_40_30_87_42,J01.01
Pr_40_30_87_46,H02.03
Pr_40_30_87_48,G05.01
Pr_40_30_87_51,G01.01
Pr_40_30_87_52,H05.12
Pr_40_30_87_57,B02.04
Pr_40_30_87_66,D01.04
Pr_40_30_87_72,B02.04
Pr_40_30_87_73,H09.08
Pr_40_30_87_81,J01.01
Pr_40_30_87_83,D03.04
Pr_40_30_87_85,B02.04
Pr_40_30_87_86,H09.08
Pr_40_30_87_87,H09.08
Pr_40_30_87_90,J02.02
Pr_40_30_87_93,B02.04
Pr_40_30_87_95,J01.01
Pr_40_30_87_96,G05.01
Pr_40_50,J
Pr_40_50_05,J04.01
Pr_40_50_05_02,J04.01
Pr_40_50_05_11,J04.01
Pr_40_50_05_13,J04.01
Pr_40_50_05_14,J04.01
Pr_40_50_05_24,J02.03
Pr_40_50_05_30,J04.01
Pr_40_50_05_42,D08.06
Pr_40_50_05_43,J04.01
Pr_40_50_05_51,J04.01
Pr_40_50_05_55,J04.01
Pr_40_50_05_58,J04.01
Pr_40_50_05_62,J04.01
Pr_40_50_05_66,J04.01
Pr_40_50_05_76,J02.03
Pr_40_50_05_84,J04.01
Pr_40_50_05_95,B07.03
Pr_40_50_05_96,J04.01
Pr_40_50_05_97,J04.01
Pr_40_50_06,J01.01
Pr_40_50_06_10,J01.01
Pr_40_50_06_11,J01.01
Pr_40_50_06_14,J01.01
Pr_40_50_06_16,J01.01
Pr_40_50_06_21,J01.01
Pr_40_50_06_24,J01.01
Pr_40_50_06_30,J01.01
Pr_40_50_06_31,J01.01
Pr_40_50_06_32,J01.01
Pr_40_50_06_37,J01.01
Pr_40_50_06_38,J01.01
Pr_40_50_06_39,J01.01
Pr_40_50_06_50,J01.01
Pr_40_50_06_77,J01.01
Pr_40_50_06_96,D08.03
Pr_40_50_07,I06.01
Pr_40_50_07_04,G05.06
Pr_40_50_07_07,I06.01
Pr_40_50_07_19,I06.01
Pr_40_50_07_25,D11.02
Pr_40_50_07_35,I06.01
Pr_40_50_07_46,I06.04
Pr_40_50_07_47,I06.01
Pr_40_50_07_56,B02.02
Pr_40_50_07_57,B02.02
Pr_40_50_07_58,I06.01
Pr_40_50_07_64,D04.04
Pr_40_50_07_70,I06.01
Pr_40_50_07_72,I06.01
Pr_40_50_07_73,I06.04
Pr_40_50_07_75,I06.01
Pr_40_50_07_76,D09.05
Pr_40_50_07_77,I06.01
Pr_40_50_07_96,I06.01
Pr_40_50_12,I06.01
Pr_40_50_12_03,I06.01
Pr_40_50_12_04,I06.01
Pr_40_50_12_05,I06.01
Pr_40_50_12_06,I06.01
Pr_40_50_12_07,I06.01
Pr_40_50_12_12,I06.01
Pr_40_50_12_15,I06.01
Pr_40_50_12_16,J01.02
Pr_40_50_12_20,C04.05
Pr_40_50_12_21,I06.01
Pr_40_50_12_22,I06.01
Pr_40_50_12_26,I06.01
Pr_40_50_12_27,I06.01
Pr_40_50_12_30,D08.05
Pr_40_50_12_31,I06.01
Pr_40_50_12_32,I06.01
Pr_40_50_12_33,I06.01
Pr_40_50_12_37,I06.01
Pr_40_50_12_46,I06.01
Pr_40_50_12_47,D08.05
Pr_40_50_12_48,I06.01
Pr_40_50_12_51,I06.01
Pr_40_50_12_57,I06.01
Pr_40_50_12_63,I06.01
Pr_40_50_12_64,I06.01
Pr_40_50_12_71,I06.01
Pr_40_50_12_72,I06.01
Pr_40_50_12_74,I06.01
Pr_40_50_12_80,J01.01
Pr_40_50_12_81,J01.01
Pr_40_50_12_82,I06.01
Pr_40_50_12_83,I06.01
Pr_40_50_12_85,I06.01
Pr_40_50_12_86,I06.01
Pr_40_50_12_87,I06.01
Pr_40_50_12_90,I06.01
Pr_40_50_12_93,I06.01
Pr_40_50_12_94,I06.01
Pr_40_50_13,D01.11
Pr_40_50_13_06,D01.11
Pr_40_50_13_09,D01.11
Pr_40_50_13_21,D01.11
Pr_40_50_13_22,D01.11
Pr_40_50_13_26,D01.11
Pr_40_50_13_29,D01.11
Pr_40_50_13_46,D01.11
Pr_40_50_13_48,D01.11
Pr_40_50_13_50,D01.11
Pr_40_50_13_51,D01.11
Pr_40_50_13_61,D01.11
Pr_40_50_13_66,D01.11
Pr_40_50_13_70,D01.11
Pr_40_50_13_71,D01.11
Pr_40_50_13_79,D01.11
Pr_40_50_13_86,F01.02
Pr_40_50_13_87,D01.11
Pr_40_50_13_89,D01.11
Pr_40_50_13_96,D01.11
Pr_40_50_13_97,D01.11
Pr_40_50_21,J01.01
Pr_40_50_21_05,D01.10
Pr_40_50_21_08,I06.01
Pr_40_50_21_11,I06.01
Pr_40_50_21_12,I06.01
Pr_40_50_21_13,J01.01
Pr_40_50_21_14,I06.01
Pr_40_50_21_15,I06.01
Pr_40_50_21_16,I06.01
Pr_40_50_21_17,J01.01
Pr_40_50_21_21,J01.01
Pr_40_50_21_22,I06.01
Pr_40_50_21_23,I06.01
Pr_40_50_21_24,G05.02
Pr_40_50_21_25,J01.01
Pr_40_50_21_26,I06.01
Pr_40_50_21_29,I06.01
Pr_40_50_21_30,I06.01
Pr_40_50_21_31,I06.01
Pr_40_50_21_32,I06.01
Pr_40_50_21_33,I06.01
Pr_40_50_21_46,I06.01
Pr_40_50_21_47,I06.01
Pr_40_50_21_48,H04
Pr_40_50_21_49,I06.01
Pr_40_50_21_51,I06.01
Pr_40_50_21_58,I06.01
Pr_40_50_21_59,J01.01
Pr_40_50_21_60,I06.01
Pr_40_50_21_63,I06.01
Pr_40_50_21_70,J01.01
Pr_40_50_21_73,J01.01
Pr_40_50_21_76,J01.02
Pr_40_50_21_83,J01.01
Pr_40_50_21_84,I06.01
Pr_40_50_21_85,J01.01
Pr_40_50_21_90,J01.01
Pr_40_50_21_96,G05.02
Pr_40_50_21_98,J01.01
Pr_40_50_28,D04.05
Pr_40_50_28_11,D04.05
Pr_40_50_28_24,D04.04
Pr_40_50_28_29,D04
Pr_40_50_28_30,D04.05
Pr_40_50_28_31,D04.01
Pr_40_50_28_36,D04.04
Pr_40_50_28_47,F01.01
Pr_40_50_28_64,D04.05
Pr_40_50_28_80,D04.04
Pr_40_50_28_95,D04.04
Pr_40_50_28_96,D04.03
Pr_40_50_28_97,D04.03
Pr_40_50_31,J01
Pr_40_50_31_71,H03.04
Pr_40_50_33,J
Pr_40_50_33_33,E03.04
Pr_40_50_51,J01
Pr_40_50_51_05,I06.01
Pr_40_50_51_06,J01.01
Pr_40_50_51_07,I06.01
Pr_40_50_51_08,J01.01
Pr_40_50_51_21,J01.01
Pr_40_50_51_22,I06.01
Pr_40_50_51_23,I06.01
Pr_40_50_51_27,I06.01
Pr_40_50_51_34,I06.01
Pr_40_50_51_50,H05.07
Pr_40_50_51_58,I06.01
Pr_40_50_51_59,H05
Pr_40_50_51_61,I06.01
Pr_40_50_51_63,I06.01
Pr_40_50_51_65,I06.01
Pr_40_50_51_75,I06.01
Pr_40_50_51_84,C01.04
Pr_40_50_51_92,J01.01
Pr_40_50_52,J01.01
Pr_40_50_52_22,I06.01
Pr_40_50_52_50,I06.01
Pr_40_50_52_57,I06.01
Pr_40_50_52_58,I06.01
Pr_40_50_52_59,I06.01
Pr_40_50_52_65,I06.01
Pr_40_50_52_88,I06.01
Pr_40_50_53,C04.02
Pr_40_50_53_24,C04.02
Pr_40_50_53_27,D01.04
Pr_40_50_53_41,C04.02
Pr_40_50_53_48,D03.04
Pr_40_50_53_51,H05.12
Pr_40_50_53_61,C04.02
Pr_40_50_81,I06.01
Pr_40_50_81_07,I04.03
Pr_40_50_81_20,J01.01
Pr_40_50_81_25,J01.01
Pr_40_50_81_56,J01.01
Pr_40_50_81_62,J01.01
Pr_40_50_81_73,G05.01
Pr_40_50_81_77,B06.04
Pr_40_50_81_87,G05.03
Pr_40_50_81_90,D01.06
Pr_40_50_83,J
Pr_40_50_83_06,J02.03
Pr_40_50_83_20,C01.04
Pr_40_50_83_28,J02.03
Pr_40_50_83_29,E02.06
Pr_40_50_83_44,D02.03
Pr_40_50_84,G05.07
Pr_40_50_84_28,G05.07
Pr_40_50_84_29,D04.04
Pr_40_50_84_50,H09.09
Pr_40_50_84_51,H05.12
Pr_40_50_84_57,J01.04
Pr_40_50_84_66,J02.03
Pr_40_50_86,I02.05
Pr_40_50_86_46,H09.09
Pr_40_50_86_66,I04.03
Pr_40_50_86_68,I04.03
Pr_40_50_90,C04.02
Pr_40_50_90_08,C04.02
Pr_40_50_90_15,C04.02
Pr_40_50_90_30,G05.06
Pr_40_50_90_31,I06.04
Pr_40_50_90_32,D12.02
Pr_40_50_90_33,J01
Pr_40_50_90_46,D01.06
Pr_40_50_90_47,D01.06
Pr_40_50_90_49,C04.02
Pr_40_50_90_64,C04.02
Pr_40_50_90_76,C04.02
Pr_40_50_90_87,H09.09
Pr_40_50_96,C01.04
Pr_40_50_96_11,D01.04
Pr_40_70,J02.03
Pr_40_70_13,G06.03
Pr_40_70_13_50,D01.06
Pr_40_70_13_58,D10.04
Pr_40_70_13_60,D09.03
Pr_40_70_13_72,G06.03
Pr_40_70_15,D06.01
Pr_40_70_15_24,I05.05
Pr_40_70_15_96,J02.03
Pr_40_70_17,H03
Pr_40_70_17_18,G05.02
Pr_40_70_17_19,G05.02
Pr_40_70_17_24,D01.04
Pr_40_70_17_25,G05.02
Pr_40_70_17_27,G05.02
Pr_40_70_17_28,G05.02
Pr_40_70_17_33,G05.02
Pr_40_70_17_34,G05.02
Pr_40_70_17_35,G05.02
Pr_40_70_17_36,G05.02
Pr_40_70_17_37,G05.02
Pr_40_70_17_39,G05.02
Pr_40_70_17_40,G05.02
Pr_40_70_17_41,G05.02
Pr_40_70_17_42,G05.02
Pr_40_70_17_43,G05.02
Pr_40_70_17_44,G05.02
Pr_40_70_17_52,G05.02
Pr_40_70_18,D09.05
Pr_40_70_18_04,D05.02
Pr_40_70_21,G05.02
Pr_40_70_21_12,G05.02
Pr_40_70_21_14,G05.02
Pr_40_70_21_16,G05.02
Pr_40_70_21_22,G05.02
Pr_40_70_21_24,G05.02
Pr_40_70_21_30,G05.02
Pr_40_70_22,D01.04
Pr_40_70_22_06,H09.06
Pr_40_70_22_15,G05.02
Pr_40_70_22_16,G05.07
Pr_40_70_22_18,C02.01
Pr_40_70_22_21,J01.01
Pr_40_70_22_23,J02.03
Pr_40_70_22_24,D01.04
Pr_40_70_22_28,H09.09
Pr_40_70_22_31,D09.05
Pr_40_70_22_35,J02.03
Pr_40_70_22_36,J02.03
Pr_40_70_22_37,J02.03
Pr_40_70_22_38,J02.03
Pr_40_70_22_60,D07.02
Pr_40_70_22_61,H09.09
Pr_40_70_22_63,H09.06
Pr_40_70_22_64,D01.04
Pr_40_70_22_75,I05.05
Pr_40_70_22_80,J02.03
Pr_40_70_22_86,J02.03
Pr_40_70_22_92,J02.02
Pr_40_70_23,H03.04
Pr_40_70_23_18,J02.01
Pr_40_70_23_20,J02.01
Pr_40_70_23_24,D06.02
Pr_40_70_23_27,J02.03
Pr_40_70_23_31,D01.04
Pr_40_70_23_35,D10.04
Pr_40_70_23_36,G05.02
Pr_40_70_23_40,G05.02
Pr_40_70_23_42,D08.03
Pr_40_70_23_52,D10.03
Pr_40_70_23_54,J01.01
Pr_40_70_23_84,J01.01
Pr_40_70_23_86,B03.04
Pr_40_70_24,H03
Pr_40_70_24_07,D01.02
Pr_40_70_24_08,G05.02
Pr_40_70_24_09,G05.02
Pr_40_70_24_10,G05.02
Pr_40_70_24_11,G05.02
Pr_40_70_24_15,G05.02
Pr_40_70_24_26,G05.02
Pr_40_70_24_27,G05.02
Pr_40_70_24_33,G05.02
Pr_40_70_24_34,G05.02
Pr_40_70_24_35,G05.02
Pr_40_70_24_45,G05.02
Pr_40_70_24_51,G05.02
Pr_40_70_24_81,G05.02
Pr_40_70_25,H04.05
Pr_40_70_25_45,D01.06
Pr_40_70_25_46,D01.06
Pr_40_70_25_47,D01.06
Pr_40_70_26,G05.02
Pr_40_70_26_31,G05.02
Pr_40_70_26_32,G05.02
Pr_40_70_26_72,G05.02
Pr_40_70_27,B02.08
Pr_40_70_27_56,D09.02
Pr_40_70_29,D04.01
Pr_40_70_29_01,D04.01
Pr_40_70_31,G05.02
Pr_40_70_31_06,D06.02
Pr_40_70_31_08,G05.02
Pr_40_70_31_11,G05.02
Pr_40_70_31_12,G05.02
Pr_40_70_31_13,G05.02
Pr_40_70_31_29,G05.02
Pr_40_70_31_30,G05.02
Pr_40_70_31_69,H05.04
Pr_40_70_31_70,D06
Pr_40_70_31_71,D06
Pr_40_70_35,J02.02
Pr_40_70_35_15,G05.02
Pr_40_70_35_50,D04.01
Pr_40_70_35_60,J02.02
Pr_40_70_35_67,G05.02
Pr_40_70_35_77,C05.02
Pr_40_70_35_80,G05.02
Pr_40_70_35_84,G05.02
Pr_40_70_35_88,D01.06
Pr_40_70_46,H04.05
Pr_40_70_46_24,D01.06
Pr_40_70_46_31,D09.04
Pr_40_70_46_39,B04.03
Pr_40_70_46_42,I06.01
Pr_40_70_46_45,J01.01
Pr_40_70_46_46,D01.06
Pr_40_70_46_47,H04.03
Pr_40_70_46_48,D09.03
Pr_40_70_46_72,D05.02
Pr_40_70_46_77,G05.01
Pr_40_70_46_82,D01.04
Pr_40_70_46_83,I06.01
Pr_40_70_46_99,J01.01
Pr_40_70_47,D01.06
Pr_40_70_47_06,D01.06
Pr_40_70_47_07,D01.06
Pr_40_70_47_08,D01.06
Pr_40_70_47_15,D01.06
Pr_40_70_47_32,D01.06
Pr_40_70_47_46,H04.03
Pr_40_70_47_91,D01.06
Pr_40_70_47_97,D01.06
Pr_40_70_50,J02.03
Pr_40_70_50_32,G05.02
Pr_40_70_50_65,J02.03
Pr_40_70_51,H05.12
Pr_40_70_51_16,H02.05
Pr_40_70_51_32,H05.12
Pr_40_70_51_44,D05.03
Pr_40_70_51_46,H02
Pr_40_70_51_59,D01.11
Pr_40_70_51_60,H05.05
Pr_40_70_51_68,D01.11
Pr_40_70_51_84,H05.06
Pr_40_70_51_94,D11.02
Pr_40_70_53,G05.02
Pr_40_70_53_46,G05.02
Pr_40_70_53_48,G05.02
Pr_40_70_53_51,G05.02
Pr_40_70_53_55,J01.01
Pr_40_70_53_63,G05.02
Pr_40_70_53_65,G05.02
Pr_40_70_53_70,H09.08
Pr_40_70_53_92,G05.02
Pr_40_70_55_03,F02.03
Pr_40_70_55_15,C01.02
Pr_40_70_55_30,D08.05
Pr_40_70_55_35,B07.02
Pr_40_70_55_52,I02.07
Pr_40_70_55_61,H09.07
Pr_40_70_55_95,D11.02
Pr_40_70_58,J01.02
Pr_40_70_62,D01.06
Pr_40_70_62_09,G06.04
Pr_40_70_62_29,D04.06
Pr_40_70_62_36,D04.06
Pr_40_70_62_37,J02.03
Pr_40_70_63,D01.11
Pr_40_70_63_04,D02
Pr_40_70_63_05,J02.03
Pr_40_70_65,H03
Pr_40_70_65_17,J02.02
Pr_40_70_65_26,D01.06
Pr_40_70_65_29,G05.02
Pr_40_70_65_31,G05.02
Pr_40_70_65_32,D04.01
Pr_40_70_65_46,J01.01
Pr_40_70_65_94,G05.02
Pr_40_70_66,B02.05
Pr_40_70_67,D01.11
Pr_40_70_67_14,D01.11
Pr_40_70_67_22,D01.11
Pr_40_70_67_29,D01.11
Pr_40_70_67_63,D01.11
Pr_40_70_67_79,D01.11
Pr_40_70_71,H07.02
Pr_40_70_73,H09.09
Pr_40_70_73_08,H09.09
Pr_40_70_73_30,D09.05
Pr_40_70_73_47,I06.01
Pr_40_70_73_70,D12.01
Pr_40_70_73_75,I06.03
Pr_40_70_75,J02.03
Pr_40_70_75_28,I06.01
Pr_40_70_75_29,B03.01
Pr_40_70_75_33,H09.07
Pr_40_70_75_35,E02.06
Pr_40_70_75_36,I06.03
Pr_40_70_75_39,H09.08
Pr_40_70_75_55,C02.01
Pr_40_70_75_66,F01.01
Pr_40_70_75_72,I06.03
Pr_40_70_75_75,F02.03
Pr_40_70_75_82,C01.04
Pr_40_70_75_84,I06.01
Pr_40_70_75_85,H09.07
Pr_40_70_75_86,B03.01
Pr_40_70_75_96,I02.05
Pr_40_70_75_97,H09.03
Pr_40_70_84,J02.03
Pr_40_70_84_01,G05.02
Pr_40_70_84_04,G05.02
Pr_40_70_84_06,G05.02
Pr_40_70_84_11,B04.01
Pr_40_70_84_46,G05.02
Pr_40_70_84_65,I02.05
Pr_40_70_84_66,H09.09
Pr_40_70_84_67,C02.01
Pr_40_70_84_80,G05.02
Pr_40_70_84_84,C01.04
Pr_40_70_84_86,D12.03
Pr_40_70_84_90,C04.05
Pr_40_70_84_91,C04.02
Pr_40_70_84_92,D12.03
Pr_40_70_85,I02.05
Pr_40_70_85_65,I02.05
Pr_40_70_86,I02.05
Pr_40_70_86_02,D07.02
Pr_40_70_86_98,H05.05
Pr_40_70_96,D08.05
Pr_40_70_96_30,B04.03
Pr_40_70_96_31,B04.03
Pr_40_70_99,H05.05
Pr_40_70_99_45,G05.02
Pr_65,B04
Pr_65_12_47,G05.07
Pr_65_12_47_47,G05.07
Pr_65_12_70_72,I06.04
Pr_65_12_71_10,D04.01
Pr_65_12_71_12,G06.03
Pr_65_12_71_21,D03.04
Pr_65_50,B03.02
Pr_65_50_35_29,E02.05
Pr_65_50_35_37,D08
Pr_65_50_35_38,G05.03
Pr_65_50_35_47,B04.07
Pr_65_50_35_68,D09.03
Pr_65_50_35_72,B04.07
Pr_65_50_35_74,D08.05
Pr_65_50_35_81,D09.03
Pr_65_52,B03.02
Pr_65_52_01,B03.02
Pr_65_52_01_01,B03.02
Pr_65_52_01_04,B03.02
Pr_65_52_01_09,B03.02
Pr_65_52_01_16,B03.02
Pr_65_52_01_17,I04.03
Pr_65_52_01_18,B03.02
Pr_65_52_01_19,B03.02
Pr_65_52_01_20,I04.03
Pr_65_52_01_24,I04.03
Pr_65_52_01_41,B03.02
Pr_65_52_01_58,B04.03
Pr_65_52_01_60,B03.02
Pr_65_52_01_61,I06.04
Pr_65_52_01_62,B03.02
Pr_65_52_01_64,B03.02
Pr_65_52_01_65,B03.02
Pr_65_52_01_66,B03.02
Pr_65_52_01_67,F02.03
Pr_65_52_01_68,C05.02
Pr_65_52_01_72,B03.02
Pr_65_52_01_84,B03.02
Pr_65_52_01_86,G05.07
Pr_65_52_01_95,B04.03
Pr_65_52_03,B03.02
Pr_65_52_03_02,D09.05
Pr_65_52_03_04,B03.02
Pr_65_52_03_11,B03.02
Pr_65_52_03_12,B03.02
Pr_65_52_03_13,D09.05
Pr_65_52_03_19,B03.02
Pr_65_52_03_21,B03.02
Pr_65_52_03_30,B03.02
Pr_65_52_03_31,B03.02
Pr_65_52_03_32,B03.02
Pr_65_52_03_52,D09.05
Pr_65_52_03_66,B04.06
Pr_65_52_03_80,B03.02
Pr_65_52_03_81,B03.02
Pr_65_52_03_88,B04.05
Pr_65_52_03_99,B03.02
Pr_65_52_07,B03.02
Pr_65_52_07_02,B03.02
Pr_65_52_07_03,B03.02
Pr_65_52_07_13,I01.02
Pr_65_52_07_15,I05.06
Pr_65_52_07_16,E01.01
Pr_65_52_07_25,B03.02
Pr_65_52_07_27,B03.02
Pr_65_52_07_28,C05.02
Pr_65_52_07_58,B03.02
Pr_65_52_07_75,B03.02
Pr_65_52_07_92,B03.02
Pr_65_52_07_94,I01.02
Pr_65_52_20_15,I04.03
Pr_65_52_20_16,I04.03
Pr_65_52_20_17,B03.04
Pr_65_52_20_18,C05.02
Pr_65_52_20_19,C05.02
Pr_65_52_20_20,B03.02
Pr_65_52_22_66,D08.02
Pr_65_52_22_88,D05.02
Pr_65_52_24,B03.02
Pr_65_52_24_12,B03.02
Pr_65_52_24_13,B03.02
Pr_65_52_24_18,B03.02
Pr_65_52_24_24,I05.06
Pr_65_52_24_26,I05.06
Pr_65_52_24_28,D09.05
Pr_65_52_24_29,G02
Pr_65_52_24_30,D09.05
Pr_65_52_24_31,B03.02
Pr_65_52_24_47,I05.06
Pr_65_52_24_59,B03.02
Pr_65_52_24_60,B03.02
Pr_65_52_24_65,B03.02
Pr_65_52_24_73,G01.03
Pr_65_52_24_92,B03.02
Pr_65_52_24_94,B03.02
Pr_65_52_25,D09.05
Pr_65_52_25_06,D09.02
Pr_65_52_25_15,C05.01
Pr_65_52_25_24,D09.05
Pr_65_52_25_32,D09.02
Pr_65_52_25_60,D09.02
Pr_65_52_25_72,D09.02
Pr_65_52_25_75,D09.05
Pr_65_52_25_93,D09.05
Pr_65_52_25_96,D09.05
Pr_65_52_25_98,D09.05
Pr_65_52_28_05,D05.03
Pr_65_52_34_08,D05.02
Pr_65_52_34_15,D05.02
Pr_65_52_34_22,D05.02
Pr_65_52_34_46,D10.04
Pr_65_52_34_48,D08.04
Pr_65_52_34_50,D02.03
Pr_65_52_34_65,D11.04
Pr_65_52_34_66,D05.02
Pr_65_52_34_88,D04.01
Pr_65_52_38,D04.05
Pr_65_52_38_12,D04.05
Pr_65_52_38_14,D11.04
Pr_65_52_38_15,D11.04
Pr_65_52_38_16,D11.04
Pr_65_52_38_18,D11.04
Pr_65_52_38_20,D11.04
Pr_65_52_38_42,D04.03
Pr_65_52_38_71,G01.03
Pr_65_52_38_84,D11.04
Pr_65_52_38_85,D04.05
Pr_65_52_38_96,B04.05
Pr_65_52_38_97,D04.04
Pr_65_52_38_98,D01.06
Pr_65_52_61,B03.02
Pr_65_52_61_04,C05.02
Pr_65_52_61_15,C04.05
Pr_65_52_61_22,B07.02
Pr_65_52_61_23,D07.05
Pr_65_52_61_50,C02.01
Pr_65_52_61_61,B03.02
Pr_65_52_61_62,B03.02
Pr_65_52_61_63,C05.02
Pr_65_52_61_64,C05.02
Pr_65_52_61_65,C05.02
Pr_65_52_61_68,D08.05
Pr_65_52_61_72,D05.05
Pr_65_52_61_96,C04.05
Pr_65_52_62,B03.02
Pr_65_52_62_25,B04.08
Pr_65_52_62_62,B03.02
Pr_65_52_62_81,D05.02
Pr_65_52_63,B03.02
Pr_65_52_63_17,B04.05
Pr_65_52_63_18,B03.02
Pr_65_52_63_20,B04.04
Pr_65_52_63_22,B03.02
Pr_65_52_63_23,B03.02
Pr_65_52_63_25,B03.02
Pr_65_52_63_32,B04.05
Pr_65_52_63_33,B03.02
Pr_65_52_63_46,B03.02
Pr_65_52_63_50,B04.08
Pr_65_52_63_54,B04.08
Pr_65_52_63_55,B04.05
Pr_65_52_63_60,B03.02
Pr_65_52_63_62,B03.02
Pr_65_52_63_63,B03.02
Pr_65_52_63_64,B04.05
Pr_65_52_63_65,B03.02
Pr_65_52_63_68,B04.03
Pr_65_52_63_70,B03.02
Pr_65_52_63_78,B04.05
Pr_65_52_63_79,B03.02
Pr_65_52_63_82,B04.05
Pr_65_52_63_83,B03.02
Pr_65_52_63_84,B03.02
Pr_65_53,B04.03
Pr_65_53_24,B04.03
Pr_65_53_24_81,D11.02
Pr_65_53_24_86,B04.03
Pr_65_53_65,B04.03
Pr_65_53_65_65,D04.06
Pr_65_53_86,B04.03
Pr_65_53_86_05,D11.02
Pr_65_53_86_07,D11.02
Pr_65_53_86_11,B04.03
Pr_65_53_86_12,B04.03
Pr_65_53_86_13,D11.02
Pr_65_53_86_15,B04.03
Pr_65_53_86_17,H09.08
Pr_65_53_86_22,B04.04
Pr_65_53_86_24,B04.04
Pr_65_53_86_32,B04.03
Pr_65_53_86_33,D08.02
Pr_65_53_86_50,D10.04
Pr_65_53_86_51,B04.03
Pr_65_53_86_55,B04.03
Pr_65_53_86_66,D08.02
Pr_65_53_86_68,D08.02
Pr_65_53_86_78,B04.03
Pr_65_53_86_86,D11.02
Pr_65_53_86_94,D11.02
Pr_65_53_96,D08.01
Pr_65_53_96_02,D11.02
Pr_65_53_96_03,B04.04
Pr_65_53_96_04,B04.03
Pr_65_53_96_05,B04.03
Pr_65_53_96_06,D11.02
Pr_65_53_96_11,D11.02
Pr_65_53_96_21,D11.02
Pr_65_53_96_23,B04.03
Pr_65_53_96_27,D11.02
Pr_65_53_96_41,B04.03
Pr_65_53_96_44,B04.03
Pr_65_53_96_51,B04.03
Pr_65_53_96_55,B04.04
Pr_65_53_96_62,B04.03
Pr_65_53_96_63,B04.03
Pr_65_53_96_64,B04.03
Pr_65_53_96_65,D08.02
Pr_65_53_96_66,D11.02
Pr_65_53_96_70,B04.03
Pr_65_53_96_72,B04.04
Pr_65_53_96_73,B04.03
Pr_65_53_96_74,B04.03
Pr_65_53_96_75,B04.03
Pr_65_53_96_78,D11.02
Pr_65_53_96_79,B04.03
Pr_65_53_96_80,B04.03
Pr_65_53_96_84,B04.03
Pr_65_53_96_85,B04.03
Pr_65_53_96_86,B04.03
Pr_65_53_96_87,B04.03
Pr_65_53_96_94,B04.03
Pr_65_54,B04.03
Pr_65_54_24,B04.03
Pr_65_54_24_02,D05.02
Pr_65_54_24_04,B04.03
Pr_65_54_30,D04.01
Pr_65_54_30_02,D02.03
Pr_65_54_30_10,C01.02
Pr_65_54_30_11,D04.02
Pr_65_54_30_12,D04.01
Pr_65_54_30_15,B04.08
Pr_65_54_30_22,B04.03
Pr_65_54_30_23,B04.03
Pr_65_54_30_24,D05.02
Pr_65_54_30_33,D11.01
Pr_65_54_30_34,D04
Pr_65_54_30_35,D04.01
Pr_65_54_30_36,D04.01
Pr_65_54_30_37,D05.02
Pr_65_54_30_42,D04.04
Pr_65_54_30_50,D08.02
Pr_65_54_30_57,D08.02
Pr_65_54_30_63,D04.01
Pr_65_54_30_85,D04.03
Pr_65_54_30_96,D04
Pr_65_54_30_97,D05.02
Pr_65_54_33,B04.03
Pr_65_54_33_03,D08.02
Pr_65_54_33_05,D08.02
Pr_65_54_33_11,B04.03
Pr_65_54_33_12,B04.08
Pr_65_54_33_14,D11.02
Pr_65_54_33_15,D11.02
Pr_65_54_33_17,D11.02
Pr_65_54_33_28,D08.02
Pr_65_54_33_30,B04.03
Pr_65_54_33_31,D08.02
Pr_65_54_33_33,B04.03
Pr_65_54_33_34,D05.02
Pr_65_54_33_35,B04.03
Pr_65_54_33_36,D08.02
Pr_65_54_33_37,D10.05
Pr_65_54_33_38,D05.02
Pr_65_54_33_40,D11.02
Pr_65_54_33_43,D08.02
Pr_65_54_33_44,B04.08
Pr_65_54_33_45,D10.05
Pr_65_54_33_46,D10.01
Pr_65_54_33_48,D05.02
Pr_65_54_33_50,B04.03
Pr_65_54_33_51,D11.01
Pr_65_54_33_52,D10.02
Pr_65_54_33_53,D10
Pr_65_54_33_54,D10.01
Pr_65_54_33_55,B04.03
Pr_65_54_33_57,D08.02
Pr_65_54_33_58,D08.02
Pr_65_54_33_65,D05.02
Pr_65_54_33_70,H05.04
Pr_65_54_33_78,B04.03
Pr_65_54_33_84,B04.03
Pr_65_54_33_87,B04.03
Pr_65_54_33_93,D11.05
Pr_65_54_33_94,F01.01
Pr_65_54_40,B04.03
Pr_65_54_40_02,B04.03
Pr_65_54_40_13,B04.03
Pr_65_54_40_16,B04.03
Pr_65_54_40_44,D08.02
Pr_65_54_40_62,B04.03
Pr_65_54_40_94,D08.02
Pr_65_54_60,D08.02
Pr_65_54_60_02,B04.03
Pr_65_54_60_20,D08.02
Pr_65_54_60_22,B04.03
Pr_65_54_60_77,B04.03
Pr_65_54_85,B04.03
Pr_65_54_85_06,D07
Pr_65_54_85_07,B04.03
Pr_65_54_85_08,B04.03
Pr_65_54_85_22,D08.02
Pr_65_54_85_26,D08.02
Pr_65_54_85_60,D08.02
Pr_65_54_85_62,B04.03
Pr_65_54_85_65,D08.02
Pr_65_54_85_77,B04.03
Pr_65_54_85_78,D05.02
Pr_65_54_85_79,B04.03
Pr_65_54_85_85,D08.02
Pr_65_54_85_88,D05.02
Pr_65_54_93,B04.03
Pr_65_54_93_05,D07
Pr_65_54_93_06,B04.03
Pr_65_54_93_50,D07
Pr_65_54_93_88,D01.04
Pr_65_54_93_94,B04.03
Pr_65_54_94,D09.03
Pr_65_54_94_03,B04.03
Pr_65_54_94_11,B04.03
Pr_65_54_94_22,D08.02
Pr_65_54_94_23,D05.02
Pr_65_54_94_24,D08.02
Pr_65_54_94_26,B04.03
Pr_65_54_94_29,B04.03
Pr_65_54_94_30,D05.02
Pr_65_54_94_31,B04.03
Pr_65_54_94_39,B04.03
Pr_65_54_94_45,B04.03
Pr_65_54_94_47,D08.02
Pr_65_54_94_50,B04.03
Pr_65_54_94_55,B04.03
Pr_65_54_94_56,B04.03
Pr_65_54_94_60,D05.02
Pr_65_54_94_62,B04.03
Pr_65_54_94_63,D05.02
Pr_65_54_94_65,B04.03
Pr_65_54_94_72,D08.02
Pr_65_54_94_77,D08.02
Pr_65_54_94_78,D08.02
Pr_65_54_94_84,B04.03
Pr_65_54_94_87,B04.03
Pr_65_54_94_90,D05.02
Pr_65_54_94_94,D11.02
Pr_65_54_94_95,B04.03
Pr_65_54_95,B04.03
Pr_65_54_95_05,B04.03
Pr_65_54_95_06,B04.03
Pr_65_54_95_08,B04.03
Pr_65_54_95_10,B04.03
Pr_65_54_95_11,B04.03
Pr_65_54_95_12,B04.03
Pr_65_54_95_13,B04.03
Pr_65_54_95_14,B04.03
Pr_65_54_95_15,B04.03
Pr_65_54_95_16,B04.03
Pr_65_54_95_17,D05.02
Pr_65_54_95_18,B04.03
Pr_65_54_95_19,B04.03
Pr_65_54_95_20,B04.03
Pr_65_54_95_21,D08.04
Pr_65_54_95_22,B04.03
Pr_65_54_95_23,I05.05
Pr_65_54_95_24,B04.03
Pr_65_54_95_25,D05.02
Pr_65_54_95_26,B04.03
Pr_65_54_95_27,D11.05
Pr_65_54_95_28,D08.02
Pr_65_54_95_29,B04.03
Pr_65_54_95_30,B04.03
Pr_65_54_95_31,D08.02
Pr_65_54_95_33,B04.03
Pr_65_54_95_34,B04.03
Pr_65_54_95_38,D04.05
Pr_65_54_95_42,D11.05
Pr_65_54_95_47,D08.02
Pr_65_54_95_48,D08.02
Pr_65_54_95_50,B04.03
Pr_65_54_95_53,B04.03
Pr_65_54_95_63,D08.02
Pr_65_54_95_64,D08.02
Pr_65_54_95_65,D05.02
Pr_65_54_95_66,D08.02
Pr_65_54_95_67,D08.02
Pr_65_54_95_70,D05.05
Pr_65_54_95_72,B04.03
Pr_65_54_95_75,B04.03
Pr_65_54_95_77,B04.03
Pr_65_54_95_80,B04.03
Pr_65_54_95_81,B04.03
Pr_65_54_95_82,B04.03
Pr_65_54_95_86,D08.02
Pr_65_54_95_87,B04.03
Pr_65_54_95_88,B04.03
Pr_65_54_95_89,B04.03
Pr_65_54_95_90,D11.02
Pr_65_54_95_91,B04.03
Pr_65_54_95_92,D05.04
Pr_65_54_95_96,B04.03
Pr_65_55,D10.04
Pr_65_55_76,D05.02
Pr_65_55_76_04,D05.02
Pr_65_55_76_11,D05.02
Pr_65_55_76_12,D05.02
Pr_65_55_76_13,D05.02
Pr_65_55_76_15,D05.02
Pr_65_55_76_22,D05.02
Pr_65_55_76_58,D05.02
Pr_65_55_76_59,D05.01
Pr_65_55_76_84,D05.02
Pr_65_55_76_96,D05.02
Pr_65_55_84,D05.02
Pr_65_55_84_50,D05.04
Pr_65_55_84_75,D07.02
Pr_65_55_84_94,D11.05
Pr_65_55_85,D05.02
Pr_65_55_85_08,D05.03
Pr_65_55_85_85,G05.02
Pr_65_55_86,B04.03
Pr_65_55_86_05,B04.03
Pr_65_55_86_06,D08.02
Pr_65_55_86_07,D09.05
Pr_65_55_86_08,D09.05
Pr_65_55_86_42,D05.02
Pr_65_55_86_88,D05.02
Pr_65_55_86_89,D05.02
Pr_65_55_86_99,B04.03
Pr_65_55_96,D01.06
Pr_65_55_96_24,D01.06
Pr_65_55_96_72,D01.06
Pr_65_55_96_96,B05.01
Pr_65_57,B04.03
Pr_65_57_02,D07.04
Pr_65_57_02_02,D07.04
Pr_65_57_02_03,B04.08
Pr_65_57_02_04,D07.04
Pr_65_57_02_06,D07.04
Pr_65_57_02_07,D07.04
Pr_65_57_02_11,D07.04
Pr_65_57_02_15,B04.03
Pr_65_57_02_20,D07.04
Pr_65_57_02_25,D07.04
Pr_65_57_02_26,D07.04
Pr_65_57_02_29,B04.03
Pr_65_57_02_37,D07.04
Pr_65_57_02_52,D07.04
Pr_65_57_02_53,D09.02
Pr_65_57_02_66,D07.04
Pr_65_57_02_92,D07.04
Pr_65_57_02_93,B04.03
Pr_65_57_02_96,B04.03
Pr_65_57_02_97,B04.03
Pr_65_57_33,B04.08
Pr_65_57_33_02,D07.04
Pr_65_57_33_15,D07.04
Pr_65_57_33_25,D07.04
Pr_65_57_33_33,B04.08
Pr_65_57_58,B04.03
Pr_65_57_58_58,B04.08
Pr_65_57_58_59,B04.03
Pr_65_57_85,B04.03
Pr_65_57_85_06,B04.03
Pr_65_57_85_07,B04.03
Pr_65_57_85_12,B04.03
Pr_65_57_85_22,B04.03
Pr_65_57_85_33,B04.03
Pr_65_57_85_65,B04.03
Pr_65_57_85_70,B04.03
Pr_65_57_85_75,B04.03
Pr_65_57_95,B04.03
Pr_65_57_95_07,B04.03
Pr_65_57_95_11,B04.03
Pr_65_57_95_13,D05.02
Pr_65_57_95_22,B04.03
Pr_65_57_95_42,B04.03
Pr_65_57_95_51,B04.03
Pr_65_57_95_76,B04.03
Pr_65_57_95_96,B04.03
Pr_65_57_96,B04.03
Pr_65_57_96_02,B04.03
Pr_65_57_96_03,B04.03
Pr_65_57_96_04,B04.03
Pr_65_57_96_08,B04.03
Pr_65_57_96_09,B04.03
Pr_65_57_96_11,B04.03
Pr_65_57_96_13,B04.03
Pr_65_57_96_16,B04.03
Pr_65_57_96_29,B04.03
Pr_65_57_96_30,B04.03
Pr_65_57_96_34,B04.03
Pr_65_57_96_35,B04.03
Pr_65_57_96_52,B04.03
Pr_65_57_96_53,B04.03
Pr_65_57_96_62,B04.03
Pr_65_57_96_70,B04.03
Pr_65_57_96_72,B04.03
Pr_65_57_96_76,B04.03
Pr_65_57_96_77,B04.03
Pr_65_57_96_79,B04.03
Pr_65_57_96_86,B04.03
Pr_65_57_96_99,B04.03
Pr_65_65,C05.02
Pr_65_65_23,B03.02
Pr_65_65_23_20,C05.02
Pr_65_65_23_25,D03.02
Pr_65_65_23_27,C05.02
Pr_65_65_24,D04.06
Pr_65_65_24_16,D01.04
Pr_65_65_24_29,D04.06
Pr_65_65_24_30,D04.06
Pr_65_65_24_42,D04.06
Pr_65_65_24_56,D04.06
Pr_65_65_24_66,D05.02
Pr_65_65_24_68,D04.06
Pr_65_65_24_78,D04.06
Pr_65_65_24_80,D04.06
Pr_65_65_24_93,D07.04
Pr_65_65_24_95,B04.03
Pr_65_65_25,B03.02
Pr_65_65_25_13,B03.02
Pr_65_65_25_14,B03.02
Pr_65_65_25_23,B03.02
Pr_65_65_25_28,B03.02
Pr_65_65_25_30,B03.02
Pr_65_65_25_31,B03.02
Pr_65_65_25_32,C05.02
Pr_65_65_25_34,B03.02
Pr_65_65_25_64,B03.02
Pr_65_65_25_69,B03.02
Pr_65_65_25_71,B03.02
Pr_65_65_25_72,B03.02
Pr_65_65_25_77,D07.01
Pr_65_67,D07.04
Pr_65_67_16,D11.02
Pr_65_67_16_02,D07.02
Pr_65_67_16_03,D06.02
Pr_65_67_16_04,D07.02
Pr_65_67_16_05,D01.11
Pr_65_67_16_08,F01.01
Pr_65_67_16_22,D04.04
Pr_65_67_16_50,D11.02
Pr_65_67_16_71,D06
Pr_65_67_16_96,D06.02
Pr_65_67_29,D04.06
Pr_65_67_29_05,D06.05
Pr_65_67_29_09,D04.06
Pr_65_67_29_12,D04.06
Pr_65_67_29_23,D06.05
Pr_65_67_29_24,D06.05
Pr_65_67_29_44,D04.06
Pr_65_67_29_52,B04.03
Pr_65_67_29_62,D04.06
Pr_65_67_29_64,D04.06
Pr_65_67_29_67,D04.06
Pr_65_67_29_72,D06.05
Pr_65_67_29_80,D04.01
Pr_65_67_29_88,D06.05
Pr_65_67_29_96,D06.05
Pr_65_67_39,D06.05
Pr_65_67_39_22,D05.02
Pr_65_67_39_28,D06.05
Pr_65_67_39_37,D05.02
Pr_65_67_39_84,D05.02
Pr_65_67_39_96,D08.02
Pr_65_67_46,D10.02
Pr_65_67_46_56,D01.11
Pr_65_67_78,D03.01
Pr_65_67_78_02,B03.02
Pr_65_67_78_07,C05.01
Pr_65_67_94,D07.01
Pr_65_67_94_25,B03.04
Pr_65_70,B04.01
Pr_65_70_11,B04.01
Pr_65_70_11_02,B04.01
Pr_65_70_11_06,I06.01
Pr_65_70_11_10,B04.01
Pr_65_70_11_11,B04.01
Pr_65_70_11_12,B04.01
Pr_65_70_11_13,B04.01
Pr_65_70_11_14,B04.01
Pr_65_70_11_15,B04.01
Pr_65_70_11_16,B04.01
Pr_65_70_11_17,B04.01
Pr_65_70_11_18,B04.01
Pr_65_70_11_19,B04.01
Pr_65_70_11_20,B04.01
Pr_65_70_11_21,B04.01
Pr_65_70_11_25,B03.02
Pr_65_70_11_29,B03.02
Pr_65_70_11_31,C05.02
Pr_65_70_11_34,B04.01
Pr_65_70_11_41,F01.01
Pr_65_70_11_61,C03.01
Pr_65_70_11_62,C05.02
Pr_65_70_11_64,D05
Pr_65_70_11_70,D01.04
Pr_65_70_11_75,D01.04
Pr_65_70_11_76,D01.04
Pr_65_70_11_79,B03.02
Pr_65_70_11_90,B03.02
Pr_65_70_11_96,C05.02
Pr_65_70_12,B04.01
Pr_65_70_12_04,F02.03
Pr_65_70_12_11,B04.01
Pr_65_70_12_92,E01.03
Pr_65_70_12_94,F02.03
Pr_65_70_13,B03.01
Pr_65_70_15,B04.01
Pr_65_70_15_02,B04.02
Pr_65_70_15_04,B03.02
Pr_65_70_15_06,B04.01
Pr_65_70_15_13,B04.01
Pr_65_70_15_15,B04.01
Pr_65_70_15_16,B04.01
Pr_65_70_15_32,B04.01
Pr_65_70_15_47,B04.01
Pr_65_70_15_50,D01.11
Pr_65_70_15_53,D03.01
Pr_65_70_15_58,B04.01
Pr_65_70_15_59,B04.01
Pr_65_70_15_60,B04.01
Pr_65_70_15_63,B04.01
Pr_65_70_15_70,B04.01
Pr_65_70_15_80,B04.01
Pr_65_70_15_96,I05.01
Pr_65_70_16,B03.04
Pr_65_70_16_03,F02.03
Pr_65_70_16_08,F01.01
Pr_65_70_16_10,B03.04
Pr_65_70_16_12,F02.03
Pr_65_70_16_15,B03.01
Pr_65_70_16_16,F02.03
Pr_65_70_16_17,I02.04
Pr_65_70_16_18,C01.04
Pr_65_70_16_20,F02.03
Pr_65_70_16_57,F01.01
Pr_65_70_26,F02.03
Pr_65_70_30,B04.02
Pr_65_70_30_10,B04.01
Pr_65_70_30_12,B04.01
Pr_65_70_30_26,B04.02
Pr_65_70_30_28,B04.02
Pr_65_70_30_58,B04.01
Pr_65_70_36,B04.02
Pr_65_70_36_34,B04.02
Pr_65_70_36_35,E02.02
Pr_65_70_36_36,B04.02
Pr_65_70_36_37,B04.02
Pr_65_70_36_38,B04.02
Pr_65_70_36_39,B04.01
Pr_65_70_36_40,B04.02
Pr_65_70_42,E02.02
Pr_65_70_42_84,F01.01
Pr_65_70_42_85,B04.03
Pr_65_70_46,F02.03
Pr_65_70_46_01,D04.06
Pr_65_70_46_04,F02.03
Pr_65_70_46_25,C02.01
Pr_65_70_46_29,D01.04
Pr_65_70_46_30,D01.04
Pr_65_70_46_46,F02.03
Pr_65_70_46_47,F02.03
Pr_65_70_46_48,F02.03
Pr_65_70_48,B04.02
Pr_65_70_48_29,B04.02
Pr_65_70_48_37,E02.02
Pr_65_70_48_38,B04.01
Pr_65_70_48_40,B04.02
Pr_65_70_48_41,B04.02
Pr_65_70_48_48,B04.02
Pr_65_70_48_50,B04.02
Pr_65_70_48_56,B04.01
Pr_65_70_48_57,E02.02
Pr_65_70_48_63,B04.02
Pr_65_70_48_65,B04.02
Pr_65_70_48_75,B04.02
Pr_65_70_48_79,B04.01
Pr_65_70_48_89,F01.01
Pr_65_70_48_90,F01.01
Pr_65_70_48_92,F01.01
Pr_65_70_48_94,F01.01
Pr_65_70_48_95,F01.01
Pr_65_70_50,B04.02
Pr_65_70_50_15,B04.01
Pr_65_70_50_22,B04.01
Pr_65_70_50_28,B04.01
Pr_65_70_50_37,B04.01
Pr_65_70_50_49,B04.01
Pr_65_70_50_64,B04.02
Pr_65_70_50_72,B04.01
Pr_65_70_50_84,D01.04
Pr_65_70_50_86,D01.04
Pr_65_70_50_88,B04.01
Pr_65_70_70,B03.04
Pr_65_70_70_57,B04.02
Pr_65_70_70_87,B04.01
Pr_65_70_70_88,B04.02
Pr_65_70_70_89,B04.02
Pr_65_70_70_91,B04.02
Pr_65_70_80,B04.01
Pr_65_70_80_01,B04.02
Pr_65_70_80_14,B04.01
Pr_65_70_80_47,B04.01
Pr_65_70_80_51,B04.02
Pr_65_70_80_75,B04.02
Pr_65_70_80_78,B04.01
Pr_65_70_80_81,B04.02
Pr_65_70_80_87,B04.01
Pr_65_70_80_88,B04.01
Pr_65_70_80_90,B04.01
Pr_65_70_80_91,B04.01
Pr_65_70_80_92,B04.01
Pr_65_72,D01.04
Pr_65_72_27,B03.01
Pr_65_72_27_02,D01.04
Pr_65_72_27_11,D01.04
Pr_65_72_27_23,B03.01
Pr_65_72_27_32,D01.10
Pr_65_72_27_34,D01.04
Pr_65_72_27_37,D01.04
Pr_65_72_27_44,D01.04
Pr_65_72_27_47,D01.10
Pr_65_72_27_48,B03.01
Pr_65_72_27_50,D01.04
Pr_65_72_27_52,D01.04
Pr_65_72_27_53,D01.04
Pr_65_72_27_54,D01.04
Pr_65_72_27_62,D01.02
Pr_65_72_27_72,D01.04
Pr_65_72_27_73,D01.04
Pr_65_72_27_74,D01.04
Pr_65_72_27_75,D01.02
Pr_65_72_27_88,D01.04
Pr_65_72_43,D01.06
Pr_65_72_43_01,D07.04
Pr_65_72_43_05,D01.02
Pr_65_72_43_39,B04.03
Pr_65_72_43_41,D01.02
Pr_65_72_43_42,D01.02
Pr_65_72_43_60,B04.03
Pr_65_72_43_64,D06.05
Pr_65_72_43_71,D01.02
Pr_65_72_59,D01.04
Pr_65_72_59_13,D11.04
Pr_65_72_59_15,B03.02
Pr_65_72_59_32,C04.05
Pr_65_72_60,D01.04
Pr_65_72_60_08,B03.04
Pr_65_72_60_51,F02.03
Pr_65_72_60_55,B04.01
Pr_65_72_60_88,F02.03
Pr_65_72_60_93,D12.02
Pr_65_72_97,D01.04
Pr_65_72_97_03,D03.01
Pr_65_72_97_11,B04.01
Pr_65_72_97_12,C02.01
Pr_65_72_97_16,I05.01
Pr_65_72_97_17,I05.01
Pr_65_72_97_19,I05.01
Pr_65_72_97_20,H03.05
Pr_65_72_97_22,D01.04
Pr_65_72_97_23,I05.01
Pr_65_72_97_27,B04.01
Pr_65_72_97_28,C04.01
Pr_65_72_97_30,D06.05
Pr_65_72_97_31,D01.04
Pr_65_72_97_32,D01.10
Pr_65_72_97_34,I05.01
Pr_65_72_97_40,D01.04
Pr_65_72_97_41,D01.04
Pr_65_72_97_45,D03.01
Pr_65_72_97_46,I05.01
Pr_65_72_97_47,J01.03
Pr_65_72_97_52,I05.01
Pr_65_72_97_63,C02.01
Pr_65_72_97_72,D01.04
Pr_65_72_97_75,D01.05
Pr_65_72_97_79,I05.01
Pr_65_72_97_82,D01.04
Pr_65_72_97_83,I02.08
Pr_65_72_97_84,D01.04
Pr_65_72_97_85,G03
Pr_65_72_97_86,C02.01
Pr_65_80,D11.04
Pr_65_80_06,H09.07
Pr_65_80_10,H09.07
Pr_65_80_15,H09.07
Pr_65_80_15_09,B04.01
Pr_65_80_15_11,B04.01
Pr_65_80_15_13,B04.01
Pr_65_80_15_16,D12.06
Pr_65_80_15_47,H09.07
Pr_65_80_15_48,D12.03
Pr_65_80_15_59,D12.06
Pr_65_80_15_71,F01.04
Pr_65_80_15_73,B03.04
Pr_65_80_15_74,D12.06
Pr_65_80_23_06,B03.04
Pr_65_80_28,D12.04
Pr_65_80_28_04,D12.04
Pr_65_80_28_06,D12.04
Pr_65_80_28_07,D12.04
Pr_65_80_28_09,D12.04
Pr_65_80_28_12,D12.04
Pr_65_80_28_14,D12.04
Pr_65_80_28_16,D12.04
Pr_65_80_28_21,D12.04
Pr_65_80_28_22,D12.04
Pr_65_80_28_24,D12.04
Pr_65_80_28_36,E02.06
Pr_65_80_28_38,D12.04
Pr_65_80_28_41,D12.04
Pr_65_80_28_46,D12.04
Pr_65_80_28_52,D12.05
Pr_65_80_28_58,D12.04
Pr_65_80_28_60,D12.04
Pr_65_80_28_78,D12.04
Pr_65_80_28_80,D12.04
Pr_65_80_28_84,D12.04
Pr_65_80_28_89,D12.05
Pr_65_80_28_90,D12.05
Pr_65_80_42,B02.04
Pr_65_80_42_11,B04.01
Pr_65_80_42_15,D12.03
Pr_65_80_42_37,D12.03
Pr_65_80_42_64,D12.06
Pr_65_80_42_77,I06.01
Pr_65_80_42_83,D12.03
Pr_65_80_42_85,D12.06
Pr_65_80_42_97,H09.07
Pr_65_80_46,H04.05
Pr_65_80_46_15,H04.04
Pr_65_80_46_42,H04.05
Pr_65_80_46_77,B02.04
Pr_65_80_47,D12.06
Pr_65_80_47_12,H09.07
Pr_65_80_47_31,H09.07
Pr_65_80_47_47,D12.06
Pr_65_80_47_48,D12.06
Pr_65_80_47_53,H09.07
Pr_65_80_47_64,H09.07
Pr_65_80_47_76,H09.07
Pr_65_80_47_94,H09.07
Pr_65_80_47_95,D12.06
Pr_65_80_47_96,B02.04
Pr_65_80_49,D12.02
Pr_65_80_49_10,D12.06
Pr_65_80_49_15,D12.03
Pr_65_80_49_16,D12.06
Pr_65_80_65,H09.07
Pr_65_80_65_63,H09.07
Pr_65_80_65_64,H09.07
Pr_65_80_65_65,H09.07
Pr_65_80_65_66,H09.07
Pr_65_80_65_67,H09.07
Pr_65_80_65_70,H09.07
Pr_65_80_89,B04.01
Pr_65_80_89_11,B04.01
Pr_65_80_89_46,B04.01
Pr_65_80_89_85,B04.01
Pr_65_80_96,D09.01
Pr_65_80_96_07,H09.07
Pr_65_80_96_24,H09.07
Pr_65_80_96_76,H09.07
Pr_65_80_96_79,H09.07
Pr_65_80_96_80,H09.07
Pr_70,B04
Pr_70_50,D09.05
Pr_70_50_71,B02.02
Pr_70_50_71_18,C04.02
Pr_70_50_71_42,D05.02
Pr_70_50_71_60,D07.02
Pr_70_50_80,D09.05
Pr_70_50_80_37,E02.06
Pr_70_50_80_94,E02.06
Pr_70_50_85,D09.05
Pr_70_50_85_24,D09.05
Pr_70_50_85_65,I06.04
Pr_70_50_85_66,I06.04
Pr_70_50_85_78,I06.04
Pr_70_50_85_96,I06.04
Pr_70_55,D10.01
Pr_70_55_33,D04.03
Pr_70_55_33_11,D04.04
Pr_70_55_33_28,D04.01
Pr_70_55_33_30,D04.03
Pr_70_55_33_36,D04.04
Pr_70_55_42,D08
Pr_70_55_42_09,G05.02
Pr_70_55_42_22,B04.03
Pr_70_55_42_46,B03.02
Pr_70_55_42_52,B03.02
Pr_70_55_42_58,D04.03
Pr_70_55_42_64,B04.05
Pr_70_55_42_70,D09.03
Pr_70_55_42_73,D04.03
Pr_70_55_42_80,D04.03
Pr_70_55_42_90,I03.05
Pr_70_55_51,D11.03
Pr_70_55_51_52,G05.02
Pr_70_55_58,D09.02
Pr_70_55_58_34,D09.02
Pr_70_55_58_58,D05.01
Pr_70_55_62_27,B03.02
Pr_70_55_76,D09.02
Pr_70_55_76_62,B04.03
Pr_70_55_76_64,D07.02
Pr_70_55_76_66,D09.05
Pr_70_55_76_72,G05.02
Pr_70_55_76_76,D09.03
Pr_70_55_96,D09
Pr_70_55_96_06,D08.05
Pr_70_55_96_09,D08.05
Pr_70_55_96_76,G06.03
Pr_70_55_96_84,D08.05
Pr_70_55_96_93,D08.05
Pr_70_55_96_97,D08.05
Pr_70_55_96_98,B04.06
Pr_70_55_97,D04.03
Pr_70_55_97_01,D04.04
Pr_70_55_97_23,D04.03
Pr_70_55_97_57,D04.03
Pr_70_55_97_84,D04.03
Pr_70_55_97_93,D04.04
Pr_70_55_97_96,D04.01
Pr_70_55_98,D01.04
Pr_70_55_98_07,D01.10
Pr_70_55_98_30,I05.05
Pr_70_55_98_35,D09.05
Pr_70_55_98_37,D11.01
Pr_70_55_98_60,D01.04
Pr_70_55_98_65,I02.05
Pr_70_55_98_66,I02.05
Pr_70_55_98_84,D04.03
Pr_70_55_98_85,D01.04
Pr_70_55_98_94,D04.04
Pr_70_55_98_95,I05.05
Pr_70_60,D05
Pr_70_60_14,D06.05
Pr_70_60_14_02,D06.05
Pr_70_60_14_10,D06.05
Pr_70_60_14_14,D06.05
Pr_70_60_14_47,D06.05
Pr_70_60_14_53,D06.05
Pr_70_60_14_55,D06.05
Pr_70_60_14_60,D06.05
Pr_70_60_36,D05.05
Pr_70_60_36_02,J03.01
Pr_70_60_36_06,D01.06
Pr_70_60_36_08,I05.03
Pr_70_60_36_22,G05.02
Pr_70_60_36_26,D01.06
Pr_70_60_36_27,D05.05
Pr_70_60_36_28,D05.05
Pr_70_60_36_29,D01.06
Pr_70_60_36_30,D05.05
Pr_70_60_36_32,D06.02
Pr_70_60_36_33,D07.02
Pr_70_60_36_35,G05.02
Pr_70_60_36_37,D05.02
Pr_70_60_36_42,D04.01
Pr_70_60_36_49,D05.05
Pr_70_60_36_52,D01.06
Pr_70_60_36_56,D05.05
Pr_70_60_36_60,D01.06
Pr_70_60_36_62,D05
Pr_70_60_36_64,B04.01
Pr_70_60_36_70,D01.06
Pr_70_60_36_71,F01.02
Pr_70_60_36_72,D06.02
Pr_70_60_36_73,D05.05
Pr_70_60_36_74,D07.02
Pr_70_60_36_76,I05.03
Pr_70_60_36_80,D07.02
Pr_70_60_36_88,D05.03
Pr_70_60_36_90,D05.05
Pr_70_60_36_93,D07.02
Pr_70_60_36_97,G05.06
Pr_70_60_37,D05.02
Pr_70_60_37_02,D05.02
Pr_70_60_37_04,D05.02
Pr_70_60_37_08,D05.02
Pr_70_60_37_25,D05.02
Pr_70_60_37_33,D05.02
Pr_70_60_37_34,D05.02
Pr_70_60_37_36,D05.02
Pr_70_60_37_47,D05.02
Pr_70_60_37_50,D05.02
Pr_70_60_37_52,D05.02
Pr_70_60_37_53,D05.02
Pr_70_60_37_54,D05.02
Pr_70_60_37_78,D05.02
Pr_70_60_37_80,D05.02
Pr_70_60_37_82,D05.02
Pr_70_60_37_94,D05.02
Pr_70_60_37_95,D05.02
Pr_70_60_37_96,D05.02
Pr_70_60_37_98,D05.02
Pr_70_60_60,D05.02
Pr_70_60_60_37,D05
Pr_70_60_60_38,D05.04
Pr_70_60_82,D05
Pr_70_60_82_30,G05.06
Pr_70_60_82_31,G05.06
Pr_70_60_82_32,G05.06
Pr_70_60_82_42,G05.06
Pr_70_60_82_43,D04.01
Pr_70_65,D06.02
Pr_70_65_03,D07
Pr_70_65_03_01,D06.02
Pr_70_65_03_02,D06.05
Pr_70_65_03_25,D07.02
Pr_70_65_03_27,D06.05
Pr_70_65_03_29,D06.05
Pr_70_65_03_41,D06.05
Pr_70_65_03_42,D06
Pr_70_65_03_43,G05.02
Pr_70_65_03_47,D07
Pr_70_65_03_72,D07
Pr_70_65_03_84,D06.05
Pr_70_65_03_86,D06.05
Pr_70_65_03_94,D06
Pr_70_65_04,D04.06
Pr_70_65_04_02,D06.02
Pr_70_65_04_03,D07.02
Pr_70_65_04_04,D07.04
Pr_70_65_04_07,D04.06
Pr_70_65_04_20,D04.06
Pr_70_65_04_22,D07
Pr_70_65_04_24,D06.02
Pr_70_65_04_25,D07.01
Pr_70_65_04_27,G05.02
Pr_70_65_04_28,C02.01
Pr_70_65_04_30,D06.02
Pr_70_65_04_31,D06.02
Pr_70_65_04_32,D07.04
Pr_70_65_04_37,D04.06
Pr_70_65_04_46,J01.01
Pr_70_65_04_48,D06.02
Pr_70_65_04_56,D04.06
Pr_70_65_04_73,D04.06
Pr_70_65_04_75,D04.06
Pr_70_65_04_76,D04.06
Pr_70_65_04_77,F01.04
Pr_70_65_04_84,D04.06
Pr_70_65_04_88,D06.05
Pr_70_65_04_91,D06.05
Pr_70_65_04_92,D04.06
Pr_70_65_04_93,D04.06
Pr_70_65_04_94,D04.06
Pr_70_65_04_95,D06.05
Pr_70_65_30_14,G05.06
Pr_70_65_30_16,G05.06
Pr_70_65_30_84,G05.06
Pr_70_70,I05.01
Pr_70_70_46,J01.03
Pr_70_70_46_15,J01.03
Pr_70_70_46_24,D01.05
Pr_70_70_46_30,D01.05
Pr_70_70_46_41,J01.03
Pr_70_70_46_42,J01.03
Pr_70_70_46_44,J01.03
Pr_70_70_46_52,J01.03
Pr_70_70_46_78,I05.01
Pr_70_70_46_80,J01.03
Pr_70_70_46_89,J01.03
Pr_70_70_46_90,J01.03
Pr_70_70_47,D01.03
Pr_70_70_47_02,D01.05
Pr_70_70_47_12,D01.03
Pr_70_70_47_21,D01.06
Pr_70_70_47_27,D01.02
Pr_70_70_47_45,D01.03
Pr_70_70_47_46,D01.04
Pr_70_70_47_49,D01.02
Pr_70_70_47_50,J01.03
Pr_70_70_47_72,D01.03
Pr_70_70_48,D01.05
Pr_70_70_48_01,D01.05
Pr_70_70_48_02,F02.02
Pr_70_70_48_16,D01.04
Pr_70_70_48_24,F02.02
Pr_70_70_48_25,D01.04
Pr_70_70_48_26,D01.03
Pr_70_70_48_27,D01.03
Pr_70_70_48_28,D01.03
Pr_70_70_48_30,D01.04
Pr_70_70_48_31,B04.01
Pr_70_70_48_32,J01.03
Pr_70_70_48_34,D01.05
Pr_70_70_48_35,J01.03
Pr_70_70_48_38,J01.03
Pr_70_70_48_45,D01.05
Pr_70_70_48_47,F02.01
Pr_70_70_48_62,J01.03
Pr_70_70_48_71,J01.03
Pr_70_70_48_73,J01.03
Pr_70_70_48_77,D01.04
Pr_70_70_48_80,D01.03
Pr_70_70_48_82,F02.02
Pr_70_70_48_85,J01.03
Pr_70_70_48_86,J01.03
Pr_70_70_48_87,J01.03
Pr_70_70_48_92,J01.03
Pr_70_70_48_93,F02.02
Pr_70_70_70,B03.04
Pr_70_70_70_15,B04.01
Pr_70_75,D01.10
Pr_70_75_01,F02.02
Pr_70_75_01_01,D01.03
Pr_70_75_01_04,D01.03
Pr_70_75_01_05,D01.05
Pr_70_75_01_06,J01.03
Pr_70_75_01_38,F02.02
Pr_70_75_01_47,D01.03
Pr_70_75_01_70,J01.03
Pr_70_75_01_71,D01.05
Pr_70_75_04,D01.11
Pr_70_75_04_03,D01.10
Pr_70_75_04_37,C02.01
Pr_70_75_04_70,C02.01
Pr_70_75_04_85,C02.01
Pr_70_75_04_88,D01.10
Pr_70_75_04_90,C02.01
Pr_70_75_04_94,D02.03
Pr_70_75_04_99,C02.01
Pr_70_75_06,D01.11
Pr_70_75_06_36,D01.11
Pr_70_75_06_37,D01.11
Pr_70_75_06_50,D03.01
Pr_70_75_06_51,D03.01
Pr_70_75_06_80,D01.10
Pr_70_75_15,J02.03
Pr_70_75_15_11,J02.03
Pr_70_75_15_14,J02.03
Pr_70_75_15_15,D01.04
Pr_70_75_15_16,D01.11
Pr_70_75_15_21,J01.01
Pr_70_75_15_22,D01.11
Pr_70_75_15_24,D01.11
Pr_70_75_15_35,D01.11
Pr_70_75_15_36,D01.03
Pr_70_75_15_45,D01.04
Pr_70_75_15_46,J01.01
Pr_70_75_15_63,J02.03
Pr_70_75_15_65,D01.03
Pr_70_75_15_66,J02.03
Pr_70_75_15_76,J02.03
Pr_70_75_15_90,D01.11
Pr_70_75_20_20,J01.04
Pr_70_75_36_08,D01.11
Pr_70_75_36_40,D01.11
Pr_70_75_36_42,D01.02
Pr_70_75_36_43,D01.02
Pr_70_75_36_48,D05.05
Pr_70_75_52,D02.05
Pr_70_75_52_42,D01.11
Pr_70_75_52_50,D01.11
Pr_70_75_52_56,I05.01
Pr_70_75_52_64,I05.01
Pr_70_75_52_96,D01.06
Pr_70_75_69,D01.11
Pr_70_75_69_70,D01.11
Pr_70_75_70,B03.04
Pr_70_75_70_03,B01.04
Pr_70_75_70_14,D01.05
Pr_70_75_70_41,B04.01
Pr_70_75_70_44,D07.04
Pr_70_75_70_50,H05.05
Pr_70_75_70_61,H05.05
Pr_70_75_70_63,H05.05
Pr_70_75_70_64,D01.05
Pr_70_75_70_72,D04.01
Pr_70_75_70_88,D01.11
Pr_70_75_70_89,D01.11
Pr_70_75_70_91,C04.02
Pr_70_75_70_92,D01.04
Pr_70_75_72_30,J01.04
Pr_70_75_72_49,J02.03
Pr_70_75_72_60,D02.03
Pr_70_75_72_62,D03.01
Pr_70_75_72_80,F01.02
Pr_70_75_72_89,I02.07
Pr_70_75_72_92,J01.04
Pr_70_75_72_95,J01.04
Pr_70_75_80_46,G05.07
Pr_70_75_80_72,D03.01
Pr_70_75_88,D01.11
Pr_70_75_88_01,D03.01
Pr_70_75_88_03,D01.11
Pr_70_75_88_16,D01.11
Pr_70_75_88_21,G05.04
Pr_70_75_88_22,D01.11
Pr_70_75_88_24,D04.06
Pr_70_75_88_27,D01.11
Pr_70_75_88_52,D01.11
Pr_70_75_88_60,D01.11
Pr_70_75_88_83,D02.03
Pr_70_75_88_86,D01.11
Pr_70_75_88_87,D01.10
Pr_70_75_88_89,D01.11
Pr_70_75_88_94,D01.10
Pr_70_75_94,D04.01
Pr_70_75_94_07,G05.07
Pr_70_75_94_27,D04.01
Pr_70_75_94_28,D03.01
Pr_70_75_94_29,D04.01
Pr_70_75_94_30,D04.01
Pr_70_75_94_31,D03.01
Pr_70_75_94_40,D04.01
Pr_70_75_94_58,D04.01
Pr_70_75_94_60,D01.05
Pr_70_75_94_94,D04.01
Pr_80,B04
Pr_80_51,H05.05
Pr_80_51_46,B04.03
Pr_80_51_46_15,B04.03
Pr_80_51_46_21,B04.03
Pr_80_51_46_27,B04.03
Pr_80_51_46_50,B04.03
Pr_80_51_46_55,B04.03
Pr_80_51_46_59,B04.03
Pr_80_51_46_66,B04.03
Pr_80_51_46_73,B04.03
Pr_80_51_46_85,B04.03
Pr_80_51_46_88,B04.03
Pr_80_51_46_92,B04.03
Pr_80_51_46_94,B04.03
Pr_80_51_46_96,B04.03
Pr_80_51_51,H05.05
Pr_80_51_51_04,H05.05
Pr_80_51_51_05,D08.04
Pr_80_51_51_13,D08.04
Pr_80_51_51_19,D01.02
Pr_80_51_51_22,H05.05
Pr_80_51_51_23,H05.05
Pr_80_51_51_28,D08.04
Pr_80_51_51_30,D08.04
Pr_80_51_51_32,D10.04
Pr_80_51_51_33,D10.04
Pr_80_51_51_37,D04.01
Pr_80_51_51_58,D10.04
Pr_80_51_51_60,D08.04
Pr_80_51_51_63,D08.04
Pr_80_51_51_64,D04.01
Pr_80_51_51_66,H05.02
Pr_80_51_51_67,D08.04
Pr_80_51_51_85,B03.02
Pr_80_51_51_93,D11.04
Pr_80_51_51_95,D11.04
Pr_80_51_51_97,D08.04
Pr_80_51_51_98,D11.04
Pr_80_51_70,H05.05
Pr_80_51_70_44,D07.04
Pr_80_51_70_51,H05.05
Pr_80_51_70_96,D08.04
Pr_80_51_85,H05.05
Pr_80_51_85_01,D03.01
Pr_80_51_85_21,D01.11
Pr_80_51_85_41,D11.04
Pr_80_51_85_45,D03.01
Pr_80_51_85_47,B02.04
Pr_80_51_85_66,B06.05
Pr_80_51_85_84,B04.03
Pr_80_51_85_88,D08.04
Pr_80_51_85_90,D01.11
Pr_80_51_96_00,C01.04
Pr_80_51_96_32,C01.04
Pr_80_77,C05.02
Pr_80_77_23,I06.04
Pr_80_77_23_70,I06.04
Pr_80_77_27,H09.09
Pr_80_77_27_04,D01.11
Pr_80_77_27_08,G05.01
Pr_80_77_27_31,F01.02
Pr_80_77_27_51,F01.02
Pr_80_77_27_53,C02.01
Pr_80_77_27_55,C02.01
Pr_80_77_27_72,C04.05
Pr_80_77_27_73,F01.04
Pr_80_77_27_80,F01.02
Pr_80_77_28,J02.02
Pr_80_77_28_07,I02.08
Pr_80_77_28_08,B04.01
Pr_80_77_28_09,B04.01
Pr_80_77_28_10,D01.11
Pr_80_77_28_11,D01.11
Pr_80_77_28_13,D01.03
Pr_80_77_28_21,G05.01
Pr_80_77_28_22,D01.11
Pr_80_77_28_27,D01.05
Pr_80_77_28_28,D01.04
Pr_80_77_28_29,D04.04
Pr_80_77_28_30,D01.04
Pr_80_77_28_32,D01.10
Pr_80_77_28_33,D01.02
Pr_80_77_28_46,D04.04
Pr_80_77_28_47,D03.01
Pr_80_77_28_48,D03.01
Pr_80_77_28_49,D02.06
Pr_80_77_28_52,D01.04
Pr_80_77_28_60,D03.04
Pr_80_77_28_66,D01.04
Pr_80_77_28_67,B03.01
Pr_80_77_28_68,B03.01
Pr_80_77_28_70,H09.09
Pr_80_77_28_74,F02.03
Pr_80_77_28_77,I02.08
Pr_80_77_28_78,D02.06
Pr_80_77_28_84,D01.11
Pr_80_77_28_85,D01.11
Pr_80_77_28_86,D01.11
Pr_80_77_28_88,D04.06
Pr_80_77_28_94,B04.03
Pr_80_77_28_95,D01.11
Pr_80_77_28_96,D04.03
Pr_80_77_28_97,D04.03
Pr_80_77_28_98,I02.08
Pr_80_77_46,B02.04
Pr_80_77_46_32,H09.07
Pr_80_77_46_46,D12.01
Pr_80_77_48,D01.05
Pr_80_77_48_02,I02.07
Pr_80_77_48_03,D01.05
Pr_80_77_48_05,D01.05
Pr_80_77_48_15,I04.03
Pr_80_77_48_16,D01.05
Pr_80_77_48_23,J01.03
Pr_80_77_48_55,J01.03
Pr_80_77_48_63,I02.07
Pr_80_77_48_64,J01.03
Pr_80_77_48_70,F01.02
Pr_80_77_48_79,I02.07
Pr_80_77_48_80,J01.03
Pr_80_77_48_82,C03
Pr_80_77_48_88,D01.05
Pr_80_77_76,F01.01
Pr_80_77_76_03,F01.01
Pr_80_77_76_11,C01.01
Pr_80_77_76_12,F01.01
Pr_80_77_76_13,F01.01
Pr_80_77_76_25,C01.01
Pr_80_77_76_29,C01.01
Pr_80_77_76_34,F01.01
Pr_80_77_76_52,C01.01
Pr_80_77_76_53,C01.01
Pr_80_77_76_54,F01.01
Pr_80_77_76_58,F01.01
Pr_80_77_76_62,F01.01
Pr_80_77_76_64,F01.01
Pr_80_77_76_65,F01.01
Pr_80_77_76_76,F01.01
Pr_80_77_76_85,F01.01
Pr_80_77_76_94,F01.01
Pr_80_77_94,D05.04
Pr_80_77_94_30,B04.03
