UNICLASS,PRICE_NEW
Pr_15_31_04_11,9.95
Pr_15_31_04_12,18.450000000000003
Pr_15_31_04_13,14.95
Pr_15_31_04_15,0.25
Pr_15_31_04_20,14.95
Pr_15_31_04_58,176.46666666666667
Pr_15_31_04_64,77.91499999999999
Pr_15_31_04_77,6.95
Pr_15_31_04_80,170.30161290322582
Pr_15_31_04_81,6.95
Pr_15_31_26_07,28.950000000000003
Pr_15_31_26_26,10.725
Pr_15_31_26_31,14.51875
Pr_15_31_26_33,10.49
Pr_15_31_26_34,12.771428571428572
Pr_15_31_26_46,47.0
Pr_15_31_26_71,503.95
Pr_15_57_25_03,4.0
Pr_15_57_25_04,23.800000000000004
Pr_15_57_27_36,15.305
Pr_15_57_33_36,106.35000000000001
Pr_15_57_33_37,9.95
Pr_15_57_33_77,6.5
Pr_15_57_33_80,7.666666666666667
Pr_15_57_35_56,128.0
Pr_15_71_90_91,39.95
Pr_15_93,3.95
Pr_20_29_03,6.5
Pr_20_29_03_30,5.95
Pr_20_29_03_36,20.9
Pr_20_29_03_72,25.095000000000002
Pr_20_29_03_73,47.28333333333334
Pr_20_29_04,130.95999999999998
Pr_20_29_04_27,160.46666666666667
Pr_20_29_08,18.45
Pr_20_29_08_07,16.475
Pr_20_29_08_32,3.95
Pr_20_29_08_46,61.23
Pr_20_29_08_57,7.733333333333333
Pr_20_29_08_92,128.0861111111111
Pr_20_29_10_11,17.45
Pr_20_29_14_03,19.95
Pr_20_29_14_07,12.95
Pr_20_29_14_13,2.3
Pr_20_29_14_17,8.325
Pr_20_29_14_29,40.25
Pr_20_29_14_36,20.4375
Pr_20_29_14_40,6.5
Pr_20_29_14_45,6.95
Pr_20_29_14_76,1.325
Pr_20_29_14_81,8.15
Pr_20_29_23_22,52.475
Pr_20_29_23_23,84.95
Pr_20_29_23_30,6.475
Pr_20_29_23_50,61.45
Pr_20_29_23_52,187.52941176470588
Pr_20_29_23_65,3.85
Pr_20_29_29,89.95
Pr_20_29_29_29,62.36481481481482
Pr_20_29_29_84,190.80625
Pr_20_29_29_96,1.95
Pr_20_29_31_52,27.884999999999998
Pr_20_29_34_34,30.71666666666667
Pr_20_29_34_85,7.25
Pr_20_29_40,10.316666666666666
Pr_20_29_40_12,39.95
Pr_20_29_56_16,46.42142857142857
Pr_20_29_56_60,11.95
Pr_20_29_56_86,15.15
Pr_20_29_57_01,14.95
Pr_20_29_57_30,29.027272727272727
Pr_20_29_57_36,3.95
Pr_20_29_57_38,34.95
Pr_20_29_57_56,10.725
Pr_20_29_57_57,22.95
Pr_20_29_57_88,15.616666666666665
Pr_20_29_57_96,11.95
Pr_20_29_60,146.95
Pr_20_29_60_29,37.45
Pr_20_29_60_32,11.95
Pr_20_29_60_34,40.9840625
Pr_20_29_60_36,199.95
Pr_20_29_60_37,9.5625
Pr_20_29_60_65,1.95
Pr_20_29_60_77,42.9
Pr_20_29_60_96,1.0
Pr_20_29_63_50,60.95
Pr_20_29_63_84,26.950000000000003
Pr_20_29_63_85,28.725
Pr_20_29_70_22,7.95
Pr_20_29_70_46,1.0
Pr_20_29_71_81,18.5
Pr_20_29_76_11,36.9
Pr_20_29_81_56,69.95
Pr_20_29_81_86,11.95
Pr_20_29_85_65,13.616666666666667
Pr_20_29_87_36,36.987500000000004
Pr_20_29_87_37,21.978571428571428
Pr_20_29_87_96,6.5
Pr_20_29_97,12.95
Pr_20_29_97_09,6.5
Pr_20_31_01_32,13.95
Pr_20_31_01_85,2.6166666666666667
Pr_20_31_02_06,9.95
Pr_20_31_02_60,24.079166666666666
Pr_20_31_02_94,5.5
Pr_20_31_04_01,105.58571428571429
Pr_20_31_04_04,14.5
Pr_20_31_04_05,171.78333333333333
Pr_20_31_04_06,4.95
Pr_20_31_04_09,1.75
Pr_20_31_04_10,17.5
Pr_20_31_04_25,38.45
Pr_20_31_04_26,4.6
Pr_20_31_04_32,18.5
Pr_20_31_04_35,39.95
Pr_20_31_04_47,26.725
Pr_20_31_04_48,16.679166666666667
Pr_20_31_04_56,5.95
Pr_20_31_04_57,17.95
Pr_20_31_04_61,88.5
Pr_20_31_04_72,5.0
Pr_20_31_04_79,26.95
Pr_20_31_04_94,293.46153846153845
Pr_20_31_12_39,4.95
Pr_20_31_16_37,6.95
Pr_20_31_16_78,10.9
Pr_20_31_35,21.95
Pr_20_31_35_22,6.6499999999999995
Pr_20_31_35_30,5.95
Pr_20_31_35_35,21.8
Pr_20_31_35_50,21.450000000000003
Pr_20_31_35_52,12.409230769230769
Pr_20_31_35_53,3.725
Pr_20_31_35_56,50.83013698630137
Pr_20_31_35_60,439.95
Pr_20_31_35_62,31.013793103448275
Pr_20_31_35_78,11.775
Pr_20_31_35_81,218.29999999999998
Pr_20_31_35_86,6.95
Pr_20_31_53_13,90.25
Pr_20_31_53_16,24.95
Pr_20_31_53_26,14.899999999999999
Pr_20_31_53_31,7.95
Pr_20_31_53_40,21.95
Pr_20_31_53_43,7.15
Pr_20_31_53_52,14.95
Pr_20_31_53_64,14.95
Pr_20_31_53_79,20.777391304347827
Pr_20_31_53_88,2.95
Pr_20_31_56_11,3.0
Pr_20_31_56_13,19.475
Pr_20_31_56_16,35.02375
Pr_20_31_56_21,17.9525
Pr_20_31_56_50,7.9
Pr_20_31_86_01,13.95
Pr_20_31_86_02,66.8
Pr_20_31_86_46,15.95
Pr_20_31_86_61,19.95
Pr_20_31_86_77,12.786363636363637
Pr_20_31_86_94,31.2725
Pr_20_65_34,23.809677419354838
Pr_20_65_34_72,49.95
Pr_20_65_50,324.95000000000005
Pr_20_65_50_46,12.95
Pr_20_65_50_53,76.59375
Pr_20_65_50_63,93.47857142857143
Pr_20_65_50_65,18.95
Pr_20_65_60_60,4.25
Pr_20_65_60_88,59.95
Pr_20_65_78,626.3333333333334
Pr_20_65_78_34,30.28333333333333
Pr_20_65_78_58,68.725
Pr_20_65_78_88,61.95
Pr_20_65_95_85,19.95
Pr_20_76_06,3.95
Pr_20_76_06_03,641.5899999999999
Pr_20_76_06_36,149.85
Pr_20_76_06_50,7.4
Pr_20_76_06_63,9.924999999999999
Pr_20_76_06_80,12.95
Pr_20_76_06_83,30.28333333333333
Pr_20_76_06_86,39.95
Pr_20_76_08,36.725
Pr_20_76_08_04,32.172222222222224
Pr_20_76_08_13,163.96666666666667
Pr_20_76_08_15,10.721428571428572
Pr_20_76_08_17,13.8125
Pr_20_76_08_18,23.21666666666667
Pr_20_76_08_51,29.95
Pr_20_76_08_52,7.95
Pr_20_76_08_60,29.95
Pr_20_76_08_63,4.633333333333334
Pr_20_76_08_65,11.466666666666667
Pr_20_76_08_83,14.725
Pr_20_76_08_85,94.475
Pr_20_76_08_86,6.5
Pr_20_76_51,35.0
Pr_20_76_51_01,179.0
Pr_20_76_51_04,16.5
Pr_20_76_51_07,7.725
Pr_20_76_51_10,489.95
Pr_20_76_51_19,16.45
Pr_20_76_51_21,55.95
Pr_20_76_51_22,23.633333333333336
Pr_20_76_51_33,19.95
Pr_20_76_51_98,3.4125
Pr_20_76_52,10.419999999999998
Pr_20_76_52_01,92.64999999999999
Pr_20_76_52_03,49.949999999999996
Pr_20_76_52_85,12.266666666666666
Pr_20_76_63_30,27.475
Pr_20_76_63_35,12.225
Pr_20_76_64_53,489.95
Pr_20_76_64_95,214.45
Pr_20_76_64_96,799.0
Pr_20_76_70_67,109.95
Pr_20_76_71_87,10.733333333333333
Pr_20_76_78_12,13.95
Pr_20_76_88_32,33.95
Pr_20_76_88_36,56.28333333333334
Pr_20_76_88_44,6.3625
Pr_20_76_88_49,36.95
Pr_20_76_92,5.5600000000000005
Pr_20_85_03,36.975
Pr_20_85_03_02,13.690000000000001
Pr_20_85_03_33,27.425
Pr_20_85_03_84,6.5
Pr_20_85_06_06,7.5
Pr_20_85_08_36,33.45
Pr_20_85_08_50,89.95
Pr_20_85_08_82,19.95
Pr_20_85_09_03,10.95
Pr_20_85_09_24,8.75
Pr_20_85_09_26,204.95
Pr_20_85_09_30,7.5
Pr_20_85_09_48,20.064999999999998
Pr_20_85_09_72,39.235
Pr_20_85_10_27,27.95
Pr_20_85_10_35,9.95
Pr_20_85_10_65,12.4
Pr_20_85_11_48,7.95
Pr_20_85_11_80,9.95
Pr_20_85_12_14,6.783333333333334
Pr_20_85_13_29,7.9
Pr_20_85_13_63,6.95
Pr_20_85_16_03,109.95
Pr_20_85_16_85,8.95
Pr_20_85_16_86,8.299999999999999
Pr_20_85_16_96,22.16
Pr_20_85_20,39.95
Pr_20_85_28_16,89.95
Pr_20_85_28_29,29.95
Pr_20_85_28_33,19.95
Pr_20_85_28_34,81.95
Pr_20_85_28_36,29.33571428571429
Pr_20_85_28_38,94.225
Pr_20_85_28_75,29.95
Pr_20_85_32_06,16.133333333333333
Pr_20_85_32_80,69.95
Pr_20_85_32_96,21.959999999999997
Pr_20_85_34_34,15.5
Pr_20_85_34_84,6.5
Pr_20_85_46_28,127.89000000000001
Pr_20_85_46_36,11.92142857142857
Pr_20_85_46_52,564.475
Pr_20_85_47_04,72.95666666666666
Pr_20_85_47_47,24.95
Pr_20_85_47_49,172.33333333333334
Pr_20_85_48,8.95
Pr_20_85_48_11,384.0
Pr_20_85_48_33,17.955000000000002
Pr_20_85_48_50,229.95
Pr_20_85_48_56,223.3166666666667
Pr_20_85_48_88,47.616666666666674
Pr_20_85_50_64,6.95
Pr_20_85_62_96,74.95
Pr_20_85_65,5.9
Pr_20_85_65_17,9.0
Pr_20_85_70_30,21.65
Pr_20_85_70_45,17.95
Pr_20_85_70_54,484.98333333333335
Pr_20_85_70_64,89.95
Pr_20_85_70_80,5.91
Pr_20_85_72_20,10.95
Pr_20_85_72_47,1.0
Pr_20_85_72_80,179.95
Pr_20_85_74_06,252.375
Pr_20_85_74_76,29.450000000000003
Pr_20_85_84_64,10.0
Pr_20_85_84_70,124.33333333333333
Pr_20_85_85_60,3.5
Pr_20_85_86_33,799.95
Pr_20_85_86_91,35.725
Pr_20_85_88_07,45.95
Pr_20_85_90_03,102.44999999999999
Pr_20_85_90_36,79.49315789473684
Pr_20_85_90_38,5.0
Pr_20_85_90_84,11.9
Pr_20_93_33_30,119.95
Pr_20_93_33_31,24.95
Pr_20_93_52_10,44.94
Pr_20_93_52_23,77.10709677419355
Pr_20_93_52_56,39.91238095238095
Pr_20_93_52_87,22.264285714285712
Pr_20_93_71_63,5.5
Pr_20_93_71_75,36.7
Pr_20_93_71_91,102.85
Pr_20_93_76,79.475
Pr_20_93_84,21.0
Pr_20_93_84_16,21.015
Pr_20_93_85,11.4
Pr_20_93_90,89.95
Pr_20_93_90_50,6.25
Pr_20_93_95_15,189.95000000000002
Pr_20_93_95_47,11.725
Pr_20_96_96_72,27.616666666666664
Pr_20_96_97_15,24.95
Pr_20_96_97_56,3.0
Pr_20_96_97_58,180.975
Pr_20_96_97_89,185.0
Pr_25_30_30_04,6.9
Pr_25_30_30_05,179.95
Pr_25_30_30_21,118.29761904761905
Pr_25_30_30_58,5.95
Pr_25_30_30_84,437.98333333333335
Pr_25_30_30_85,135.61666666666665
Pr_25_30_36_96,2.0
Pr_25_30_85_03,1.0
Pr_25_30_85_11,22.95
Pr_25_30_85_65,179.0
Pr_25_30_86_03,39.95
Pr_25_30_86_90,39.95
Pr_25_30_90,4.975
Pr_25_30_90_12,31.450000000000003
Pr_25_30_90_14,9.0
Pr_25_30_90_16,89.95
Pr_25_30_90_32,12.969999999999999
Pr_25_30_90_34,1.0
Pr_25_30_90_37,180.86249999999998
Pr_25_30_90_85,122.13600000000001
Pr_25_30_90_86,17.5
Pr_25_31,24.95
Pr_25_31_28_94,15.95
Pr_25_31_48_76,5.0
Pr_25_31_48_94,11.283333333333331
Pr_25_57,2.25
Pr_25_57_06_02,13.95
Pr_25_57_06_31,18.95
Pr_25_57_06_47,17.95
Pr_25_57_06_76,19.35
Pr_25_57_06_94,27.95
Pr_25_57_06_97,18.5
Pr_25_57_21_44,7.6499999999999995
Pr_25_57_51,19.95
Pr_25_57_51_26,89.95
Pr_25_57_51_29,9.65
Pr_25_57_51_33,6.983333333333333
Pr_25_57_51_35,649.95
Pr_25_57_51_52,26.407142857142862
Pr_25_57_51_54,21.45
Pr_25_57_51_70,7.5
Pr_25_57_51_74,10.5
Pr_25_57_56_07,139.95
Pr_25_57_56_27,4.3
Pr_25_57_56_28,44.61666666666667
Pr_25_57_56_37,2.5
Pr_25_57_61_15,56.11666666666667
Pr_25_57_61_29,169.95
Pr_25_57_65_42,20.95
Pr_25_57_65_60,4.4
Pr_25_57_85_62,10.616666666666665
Pr_25_57_90,17.95
Pr_25_57_90_03,599.0
Pr_25_57_90_15,4.85
Pr_25_57_90_29,29.288666666666664
Pr_25_57_90_34,11.575
Pr_25_57_90_63,16.616666666666667
Pr_25_57_90_81,23.725
Pr_25_71_14_15,21.605
Pr_25_71_14_19,43.995000000000005
Pr_25_71_14_46,12.95
Pr_25_71_14_56,12.136666666666665
Pr_25_71_14_63,6.45
Pr_25_71_14_82,79.44999999999999
Pr_25_71_14_88,116.4875
Pr_25_71_14_90,8.725
Pr_25_71_14_97,10.9
Pr_25_71_18_45,35.45
Pr_25_71_22,7.709999999999999
Pr_25_71_22_84,50.6
Pr_25_71_29_24,11.5
Pr_25_71_33_14,18.28333333333333
Pr_25_71_33_16,13.575
Pr_25_71_33_33,52.95
Pr_25_71_33_34,46.95
Pr_25_71_33_37,9.116666666666667
Pr_25_71_33_38,111.96444444444444
Pr_25_71_33_40,5.5
Pr_25_71_33_42,283.9583333333333
Pr_25_71_33_46,34.95
Pr_25_71_33_47,5.5
Pr_25_71_33_88,1.0
Pr_25_71_35_06,9.375
Pr_25_71_35_32,39.95
Pr_25_71_35_37,11.95
Pr_25_71_35_47,269.95
Pr_25_71_35_61,108.85
Pr_25_71_42,29.95
Pr_25_71_42_71,899.0
Pr_25_71_43,6.5
Pr_25_71_44_53,16.95
Pr_25_71_44_64,12.466666666666667
Pr_25_71_50,284.37
Pr_25_71_50_04,47.95
Pr_25_71_50_21,80.95
Pr_25_71_50_23,9.95
Pr_25_71_50_24,80.57
Pr_25_71_50_60,29.95
Pr_25_71_50_61,25.950000000000003
Pr_25_71_50_94,14.95
Pr_25_71_51,29.95
Pr_25_71_51_02,42.46666666666667
Pr_25_71_51_03,4.95
Pr_25_71_51_16,32.0375
Pr_25_71_51_38,16.95
Pr_25_71_51_46,19.95
Pr_25_71_51_84,12.875
Pr_25_71_51_85,199.95
Pr_25_71_51_86,12.725
Pr_25_71_51_97,49.95
Pr_25_71_57_06,68.13333333333333
Pr_25_71_57_13,20.45
Pr_25_71_57_22,104.53333333333335
Pr_25_71_57_24,97.2125
Pr_25_71_57_37,6.125
Pr_25_71_57_39,9.95
Pr_25_71_57_83,58.660000000000004
Pr_25_71_70,2.25
Pr_25_71_94_22,119.95
Pr_25_71_94_23,27.326571428571427
Pr_25_71_94_46,14.879999999999999
Pr_25_71_94_51,17.95
Pr_25_71_94_52,24.150000000000002
Pr_25_71_94_98,21.360000000000003
Pr_25_71_97,519.0
Pr_25_71_97_23,14.225
Pr_25_71_97_30,6.475
Pr_25_71_97_43,9.95
Pr_25_71_97_50,8.95
Pr_25_71_97_53,8.5
Pr_25_71_97_65,102.95
Pr_25_71_97_83,3.0
Pr_25_71_97_91,20.54153846153846
Pr_25_80_79_14,3.95
Pr_25_80_79_94,24.95
Pr_25_80_80,59.95
Pr_25_80_80_42,3.716666666666667
Pr_25_80_81,2.95
Pr_25_80_81_42,4.5
Pr_25_80_81_43,19.225
Pr_25_80_81_45,22.45
Pr_25_93,30.906666666666666
Pr_25_93_45,84.20194444444445
Pr_25_93_45_26,79.44999999999999
Pr_25_93_45_56,4.5
Pr_25_93_45_60,75.31363636363636
Pr_25_93_45_62,3.95
Pr_25_93_50_10,8.075
Pr_25_93_50_16,12.975
Pr_25_93_50_19,43.33571428571429
Pr_25_93_50_22,18.95
Pr_25_93_50_55,27.43
Pr_25_93_50_56,10.95
Pr_25_93_51,35.0
Pr_25_93_51_57,26.95
Pr_25_93_51_58,72.32307692307693
Pr_25_93_52_11,12.95
Pr_25_93_52_56,839.0
Pr_25_93_54_02,52.285000000000004
Pr_25_93_54_11,158.26666666666668
Pr_25_93_54_15,9.77
Pr_25_93_54_46,244.475
Pr_25_93_54_84,26.950000000000003
Pr_25_93_54_98,52.95
Pr_25_93_55,177.1013888888889
Pr_25_93_55_03,38.12
Pr_25_93_55_84,9.35
Pr_25_93_60,10.223333333333333
Pr_25_93_60_02,15.5
Pr_25_93_60_08,2.5
Pr_25_93_60_65,11.95
Pr_25_93_60_78,13.258333333333333
Pr_25_93_70_11,34.95
Pr_25_93_70_70,17.95
Pr_25_93_72_11,55.089999999999996
Pr_25_93_72_31,3.807142857142857
Pr_25_93_72_52,17.95
Pr_25_93_72_73,10.9
Pr_25_96_30,7.7
Pr_25_96_35_03,19.95
Pr_25_96_35_11,48.95
Pr_25_96_35_53,599.0
Pr_30_31_76,12.16
Pr_30_31_76_27,10.95
Pr_30_31_76_40,13.95
Pr_30_31_76_41,16.883333333333333
Pr_30_36,38.898863636363636
Pr_30_36_08_06,4.25
Pr_30_36_08_15,7.5
Pr_30_36_08_18,17.95
Pr_30_36_08_28,19.95
Pr_30_36_08_29,359.475
Pr_30_36_08_46,7.95
Pr_30_36_08_52,9.95
Pr_30_36_08_62,27.475
Pr_30_36_08_77,12.95
Pr_30_36_08_91,216.215
Pr_30_36_33,42.375
Pr_30_36_33_27,39.862
Pr_30_36_33_72,11.471428571428572
Pr_30_36_36,33.507999999999996
Pr_30_36_36_06,13.5
Pr_30_36_36_07,9.36875
Pr_30_36_36_08,150.8
Pr_30_36_36_23,17.95
Pr_30_36_36_28,132.92499999999998
Pr_30_36_36_84,5.0
Pr_30_36_59_32,42.349999999999994
Pr_30_36_59_34,99.95
Pr_30_36_59_36,49.95
Pr_30_36_59_45,24.95
Pr_30_59,7.95
Pr_30_59_01_96,7.95
Pr_30_59_07_09,8.15
Pr_30_59_07_27,8.0
Pr_30_59_07_64,25.96666666666667
Pr_30_59_07_73,18.616666666666664
Pr_30_59_07_94,12.950000000000001
Pr_30_59_09,19.393939393939394
Pr_30_59_09_01,7.9
Pr_30_59_09_03,68.04166666666667
Pr_30_59_09_04,28.95
Pr_30_59_09_05,157.10454545454547
Pr_30_59_09_12,15.95
Pr_30_59_09_15,824.0
Pr_30_59_09_18,0.8
Pr_30_59_09_33,57.833999999999996
Pr_30_59_09_62,18.915
Pr_30_59_09_63,23.40833333333333
Pr_30_59_09_82,3.95
Pr_30_59_09_84,495.98333333333335
Pr_30_59_09_85,26.7
Pr_30_59_09_86,6.199999999999999
Pr_30_59_09_90,329.0
Pr_30_59_09_91,183.67972972972973
Pr_30_59_09_92,34.95
Pr_30_59_09_93,64.1046551724138
Pr_30_59_12_07,27.5
Pr_30_59_23_11,29.95
Pr_30_59_23_96,8.316666666666666
Pr_30_59_24_14,72.45
Pr_30_59_24_15,1.0
Pr_30_59_28_78,7.95
Pr_30_59_29,82.0
Pr_30_59_29_64,24.95
Pr_30_59_29_71,499.95
Pr_30_59_29_72,649.0
Pr_30_59_29_73,12.826666666666668
Pr_30_59_29_75,114.94999999999999
Pr_30_59_29_82,5.5
Pr_30_59_33_02,99.95
Pr_30_59_33_03,12.9
Pr_30_59_33_33,199.95
Pr_30_59_33_38,52.95
Pr_30_59_33_52,154.4125
Pr_30_59_34_01,29.46875
Pr_30_59_34_17,10.725
Pr_30_59_34_19,21.085
Pr_30_59_34_22,29.9125
Pr_30_59_34_34,38.30785714285714
Pr_30_59_34_35,109.95
Pr_30_59_34_41,16.45
Pr_30_59_34_64,93.7375
Pr_30_59_34_88,29.95
Pr_30_59_34_90,39.95
Pr_30_59_48,141.63119999999998
Pr_30_59_48_02,22.95
Pr_30_59_48_04,92.65
Pr_30_59_48_52,23.3
Pr_30_59_48_65,28.450000000000003
Pr_30_59_48_83,29.9
Pr_30_59_48_84,20.53
Pr_30_59_48_85,7.909999999999999
Pr_30_59_48_96,475.5
Pr_30_59_48_97,49.95
Pr_30_59_48_98,123.46777777777778
Pr_30_59_57_07,6.95
Pr_30_59_57_08,47.95
Pr_30_59_57_40,84.95
Pr_30_59_57_58,77.01666666666667
Pr_30_59_58_50,39.95
Pr_30_59_58_88,99.95
Pr_30_59_59_38,58.26958333333334
Pr_30_59_72_17,17.95
Pr_30_59_72_24,399.0
Pr_30_59_72_25,42.0
Pr_30_59_72_46,16.616666666666664
Pr_30_59_94,102.95
Pr_30_59_94_04,22.45
Pr_30_59_94_26,122.39696969696969
Pr_30_59_94_78,77.34375
Pr_30_59_96_11,39.949999999999996
Pr_30_59_97,6.35
Pr_30_59_98_13,25.34
Pr_30_59_98_34,12.5
Pr_30_59_98_96,11.483333333333334
Pr_30_59_99,182.5
Pr_30_59_99_02,19.95
Pr_35_31_05_60,102.93
Pr_35_31_05_70,22.95
Pr_35_31_06_28,2.95
Pr_35_31_06_31,7.7
Pr_35_31_06_38,39.95
Pr_35_31_22,8.207142857142857
Pr_35_31_22_23,59.39444444444444
Pr_35_31_22_37,19.401923076923076
Pr_35_31_22_55,22.5
Pr_35_31_22_64,6.225
Pr_35_31_22_81,9.95
Pr_35_31_22_87,11.95
Pr_35_31_22_96,15.955
Pr_35_31_64_01,48.95
Pr_35_31_64_02,18.725
Pr_35_31_64_29,37.17
Pr_35_31_64_31,9.95
Pr_35_31_64_35,18.71666666666667
Pr_35_31_64_47,20.475
Pr_35_31_64_48,29.330000000000002
Pr_35_31_64_64,19.95
Pr_35_31_64_76,106.52569444444445
Pr_35_31_64_77,12.6640625
Pr_35_31_64_98,22.95
Pr_35_31_64_99,19.95
Pr_35_31_65_01,69.1
Pr_35_31_65_12,15.5
Pr_35_31_65_20,8.1125
Pr_35_31_65_21,17.692857142857143
Pr_35_31_65_22,12.549999999999999
Pr_35_31_65_24,135.6
Pr_35_31_65_25,15.45
Pr_35_31_65_27,7.5
Pr_35_31_65_74,17.5
Pr_35_31_65_82,11.5
Pr_35_31_66_03,90.09
Pr_35_31_66_08,272.69375
Pr_35_31_66_22,3.95
Pr_35_31_66_51,22.45
Pr_35_31_66_57,21.95
Pr_35_31_66_60,8.25
Pr_35_31_66_67,34.306
Pr_35_31_66_70,59.95
Pr_35_31_66_71,19.95
Pr_35_31_66_75,509.0
Pr_35_31_66_77,1.1
Pr_35_31_66_81,237.34375
Pr_35_31_66_83,84.31666666666666
Pr_35_31_66_88,19.0375
Pr_35_31_66_92,13.55
Pr_35_31_66_96,59.95
Pr_35_31_66_98,476.3333333333333
Pr_35_31_67,13.5
Pr_35_31_67_01,38.95
Pr_35_31_67_07,1.625
Pr_35_31_67_08,10.283333333333333
Pr_35_31_67_34,12.95
Pr_35_31_67_42,13.5
Pr_35_31_68,15.283333333333331
Pr_35_31_68_02,18.95
Pr_35_31_68_04,29.283333333333335
Pr_35_31_68_06,12.95
Pr_35_31_68_10,29.57222222222222
Pr_35_31_68_11,19.95
Pr_35_31_68_12,18.95
Pr_35_31_68_13,147.39
Pr_35_31_68_16,6.95
Pr_35_31_68_29,28.95
Pr_35_31_68_33,132.63333333333333
Pr_35_31_68_35,14.337499999999999
Pr_35_31_68_36,20.725
Pr_35_31_68_37,9.225
Pr_35_31_68_39,21.259999999999998
Pr_35_31_68_40,6.95
Pr_35_31_68_43,11.45
Pr_35_31_68_46,16.225
Pr_35_31_68_59,69.95
Pr_35_31_68_61,9.75
Pr_35_31_68_66,17.5
Pr_35_31_68_69,16.45
Pr_35_31_68_72,15.5
Pr_35_31_68_81,4.3
Pr_35_31_68_83,23.95
Pr_35_31_68_84,29.8375
Pr_35_31_68_86,76.95
Pr_35_31_77_30,32.95
Pr_35_31_77_42,439.95
Pr_35_31_77_92,99.95
Pr_35_31_85_21,14.95
Pr_35_31_85_26,52.800000000000004
Pr_35_31_85_29,24.697222222222223
Pr_35_31_85_35,9.95
Pr_35_31_85_36,17.82242424242424
Pr_35_31_85_47,9.95
Pr_35_31_85_48,7.844736842105264
Pr_35_31_85_51,19.95
Pr_35_31_85_62,15.5
Pr_35_31_85_76,4.5
Pr_35_31_85_82,5.95
Pr_35_31_85_94,184.89999999999998
Pr_35_31_95_96,14.95
Pr_35_57,9.283333333333333
Pr_35_57_11_05,17.5
Pr_35_57_11_27,47.95
Pr_35_57_11_64,10.0
Pr_35_57_11_66,13.37
Pr_35_57_11_68,22.5
Pr_35_57_11_85,7.45
Pr_35_57_11_91,26.69
Pr_35_57_22_08,17.95
Pr_35_57_22_21,15.45
Pr_35_57_22_54,128.125
Pr_35_57_22_88,33.95
Pr_35_57_71_26,37.45
Pr_35_57_71_28,19.0
Pr_35_57_71_31,149.95
Pr_35_57_71_35,10.283333333333333
Pr_35_57_71_36,4.95
Pr_35_57_71_37,84.95
Pr_35_57_71_46,250.575
Pr_35_57_71_67,34.95
Pr_35_57_71_76,15.5
Pr_35_57_71_86,14.375
Pr_35_57_71_88,499.95
Pr_35_57_88,15.8625
Pr_35_57_88_02,97.95
Pr_35_57_88_16,13.95
Pr_35_57_88_46,17.95
Pr_35_90_07_04,9.9875
Pr_35_90_09_11,33.0
Pr_35_90_09_28,24.9125
Pr_35_90_09_85,87.95
Pr_35_90_15_19,33.95
Pr_35_90_22_52,9.95
Pr_35_90_27,35.46666666666667
Pr_35_90_28_02,10.1875
Pr_35_90_28_23,16.95
Pr_35_90_28_50,7.95
Pr_35_90_28_83,22.616666666666664
Pr_35_90_28_93,6.5
Pr_35_90_31_27,7.95
Pr_35_90_31_33,15.66
Pr_35_90_31_36,58.02966666666667
Pr_35_90_31_84,5.0
Pr_35_90_33,39.95
Pr_35_90_43_04,117.19999999999999
Pr_35_90_43_12,110.74444444444445
Pr_35_90_43_17,2.0
Pr_35_90_43_20,11.216666666666667
Pr_35_90_43_48,23.3
Pr_35_90_43_50,9.95
Pr_35_90_43_56,24.45
Pr_35_90_43_62,28.17666666666667
Pr_35_90_43_63,3.95
Pr_35_90_43_86,25.5
Pr_35_90_43_87,200.18571428571428
Pr_35_90_43_89,7.5
Pr_35_90_43_90,59.63333333333333
Pr_35_90_43_92,1.5
Pr_35_90_43_94,1.0
Pr_35_90_43_98,262.1769230769231
Pr_35_90_50_03,56.95000000000001
Pr_35_90_50_11,149.66428571428568
Pr_35_90_60_62,17.225
Pr_35_90_87,12.5
Pr_35_90_87_01,6.76551724137931
Pr_35_90_87_03,21.95
Pr_35_90_87_28,20.616666666666664
Pr_35_90_87_34,8.316666666666666
Pr_35_90_87_41,1.55
Pr_35_90_87_52,6.816666666666666
Pr_35_90_87_67,54.95000000000001
Pr_35_90_87_86,39.0
Pr_35_90_93,100.9875
Pr_35_90_93_26,15.1625
Pr_35_90_93_97,12.95
Pr_35_93_13,11.7
Pr_35_93_13_13,10.133333333333333
Pr_35_93_13_51,15.776923076923076
Pr_35_93_13_65,43.45454545454545
Pr_35_93_13_94,14.95
Pr_35_93_96_13,17.45
Pr_35_93_96_14,14.303333333333333
Pr_35_93_96_16,12.2
Pr_35_93_96_19,10.525
Pr_35_93_96_53,8.9375
Pr_35_93_96_56,25.95
Pr_35_93_96_63,19.550000000000004
Pr_35_93_96_85,18.133333333333336
Pr_35_93_96_88,9.5
Pr_35_93_96_89,66.18777777777778
Pr_35_93_97,1.25
Pr_35_93_97_52,13.71111111111111
Pr_40_10,3.95
Pr_40_10_57_23,399.31666666666666
Pr_40_10_57_33,19.95
Pr_40_10_57_52,26.95
Pr_40_10_57_59,6.15
Pr_40_10_57_62,41.95
Pr_40_10_57_65,2.95
Pr_40_10_57_78,11.75
Pr_40_10_57_80,17.133333333333336
Pr_40_10_57_91,17.95
Pr_40_10_77,14.95
Pr_40_10_77_04,112.4875
Pr_40_10_77_06,8.886363636363637
Pr_40_10_77_08,3.7
Pr_40_10_77_36,9.95
Pr_40_10_77_87,11.975
Pr_40_10_77_88,22.616666666666664
Pr_40_10_77_96,40.725
Pr_40_10_77_98,2.5
Pr_40_10_90_10,200.475
Pr_40_10_96_96,13.5
Pr_40_10_96_98,9.450000000000001
Pr_40_20_06_02,91.975
Pr_40_20_06_11,24.6
Pr_40_20_60_02,119.0
Pr_40_20_76,59.95
Pr_40_20_76_02,149.95
Pr_40_20_76_89,22.15
Pr_40_20_76_92,145.46666666666667
Pr_40_20_87_07,15.5
Pr_40_20_87_33,30.7
Pr_40_20_87_87,59.95
Pr_40_20_87_93,9.95
Pr_40_20_87_95,23.75
Pr_40_20_93_87,129.95
Pr_40_20_93_92,499.95
Pr_40_20_96_63,2.3
Pr_40_20_96_99,5.225
Pr_40_30_04,28.905
Pr_40_30_04_07,22.2
Pr_40_30_04_08,24.950000000000003
Pr_40_30_04_09,17.35
Pr_40_30_04_15,19.95
Pr_40_30_04_24,5.6875
Pr_40_30_04_25,11.291666666666666
Pr_40_30_04_41,29.95
Pr_40_30_04_50,42.78333333333333
Pr_40_30_20_20,39.95
Pr_40_30_20_59,17.95
Pr_40_30_20_67,69.95
Pr_40_30_20_86,20.95
Pr_40_30_20_97,7.5
Pr_40_30_21,442.25
Pr_40_30_21_02,23.950000000000003
Pr_40_30_21_13,449.0
Pr_40_30_22_02,69.0
Pr_40_30_22_11,6.35
Pr_40_30_22_31,9.95
Pr_40_30_22_34,8.5
Pr_40_30_22_56,41.642857142857146
Pr_40_30_22_64,24.95
Pr_40_30_22_80,4.475
Pr_40_30_22_92,35.0
Pr_40_30_25_03,6.961666666666666
Pr_40_30_25_24,11.95
Pr_40_30_25_50,97.225
Pr_40_30_25_71,579.0
Pr_40_30_26_63,34.27307692307692
Pr_40_30_28_34,58.653999999999996
Pr_40_30_29_61,39.95
Pr_40_30_29_83,59.95
Pr_40_30_30_32,27.950000000000003
Pr_40_30_31,99.95
Pr_40_30_31_96,159.95
Pr_40_30_50_48,14.5
Pr_40_30_50_62,29.95
Pr_40_30_53,9.5
Pr_40_30_53_59,2.95
Pr_40_30_53_70,3.55
Pr_40_30_53_73,32.95
Pr_40_30_55,32.0
Pr_40_30_55_35,24.95
Pr_40_30_55_90,8.5
Pr_40_30_61,4.75
Pr_40_30_61_42,7.45
Pr_40_30_61_60,299.95
Pr_40_30_61_62,4.9
Pr_40_30_61_88,9.508333333333333
Pr_40_30_66,6.5
Pr_40_30_66_22,3.9000000000000004
Pr_40_30_66_74,47.0
Pr_40_30_71,9.866666666666665
Pr_40_30_71_01,67.27515625
Pr_40_30_71_03,6.5
Pr_40_30_71_07,1.0
Pr_40_30_71_51,29.216666666666665
Pr_40_30_71_56,39.9525
Pr_40_30_75_16,2.95
Pr_40_30_75_30,26.191666666666666
Pr_40_30_75_36,28.5
Pr_40_30_78,195.0
Pr_40_30_78_13,32.13333333333333
Pr_40_30_78_77,267.48
Pr_40_30_80_80,21.95
Pr_40_30_80_83,89.95
Pr_40_30_83_37,3.0
Pr_40_30_84_74,89.95
Pr_40_30_85_04,49.95
Pr_40_30_85_34,2.25
Pr_40_30_86,164.0
Pr_40_30_87_07,54.725
Pr_40_30_87_25,29.372222222222224
Pr_40_30_87_40,119.0
Pr_40_50_05,79.95
Pr_40_50_05_02,119.95
Pr_40_50_05_13,25.98
Pr_40_50_05_14,299.0
Pr_40_50_05_27,18.65
Pr_40_50_05_29,39.833333333333336
Pr_40_50_05_33,25.245588235294118
Pr_40_50_05_55,104.82760563380282
Pr_40_50_05_60,13.95
Pr_40_50_05_66,10.5
Pr_40_50_05_77,20.983333333333334
Pr_40_50_05_84,4.5
Pr_40_50_05_85,172.65
Pr_40_50_05_87,89.95
Pr_40_50_05_95,7.95
Pr_40_50_05_97,4.95
Pr_40_50_06_11,114.66666666666667
Pr_40_50_06_16,15.5
Pr_40_50_06_22,51.85606060606061
Pr_40_50_06_32,117.96785714285714
Pr_40_50_07,249.95
Pr_40_50_07_04,35.85
Pr_40_50_07_47,81.39999999999999
Pr_40_50_07_57,1.0
Pr_40_50_07_78,89.85000000000001
Pr_40_50_07_83,18.133333333333333
Pr_40_50_12_06,629.0
Pr_40_50_12_29,113.0
Pr_40_50_12_32,8.25
Pr_40_50_12_64,259.95
Pr_40_50_12_67,12.0
Pr_40_50_12_76,4.571428571428571
Pr_40_50_12_90,22.95
Pr_40_50_13_86,82.82777777777778
Pr_40_50_21_14,9.8125
Pr_40_50_21_16,24.95
Pr_40_50_21_32,64.95
Pr_40_50_21_49,7.35
Pr_40_50_21_96,21.5
Pr_40_50_28_47,30.57222222222222
Pr_40_50_28_64,26.95
Pr_40_50_31_71,16.45
Pr_40_50_33,127.30167999999999
Pr_40_50_33_33,34.056666666666665
Pr_40_50_33_34,164.0
Pr_40_50_51_06,119.95
Pr_40_50_51_08,63.2
Pr_40_50_51_15,99.95
Pr_40_50_81,14.5
Pr_40_50_81_09,23.8375
Pr_40_50_81_20,27.95
Pr_40_50_81_25,49.9
Pr_40_50_81_29,6.195454545454544
Pr_40_50_81_73,22.725
Pr_40_50_81_74,114.95
Pr_40_50_81_86,64.75
Pr_40_50_81_91,33.95
Pr_40_50_81_94,29.95
Pr_40_50_83,32.95
Pr_40_50_83_28,269.95
Pr_40_50_90_15,345.1
Pr_40_50_96_11,69.95
Pr_40_70,125.27857142857144
Pr_40_70_13,16.95
Pr_40_70_13_60,147.64374999999998
Pr_40_70_17,5.35
Pr_40_70_17_18,599.0
Pr_40_70_17_24,299.0
Pr_40_70_17_25,309.6666666666667
Pr_40_70_17_35,19.95
Pr_40_70_17_39,499.0
Pr_40_70_17_40,1.0
Pr_40_70_18_15,6.324999999999999
Pr_40_70_18_17,4.6499999999999995
Pr_40_70_22_06,2.95
Pr_40_70_22_16,389.0
Pr_40_70_22_28,14.95
Pr_40_70_22_37,165.15
Pr_40_70_22_63,31.983333333333334
Pr_40_70_22_80,19.95
Pr_40_70_22_92,51.45
Pr_40_70_23_31,96.73333333333333
Pr_40_70_23_35,614.0
Pr_40_70_23_36,16.37
Pr_40_70_23_40,31.85263157894737
Pr_40_70_23_52,299.0
Pr_40_70_23_53,102.45
Pr_40_70_24,6.95
Pr_40_70_24_07,144.4625
Pr_40_70_24_09,470.96999999999997
Pr_40_70_24_25,1.0
Pr_40_70_24_26,127.455
Pr_40_70_24_33,467.61538461538464
Pr_40_70_24_45,14.55
Pr_40_70_24_81,251.95666666666665
Pr_40_70_25,42.95
Pr_40_70_27,133.95999999999998
Pr_40_70_31_06,169.0
Pr_40_70_31_69,24.95
Pr_40_70_35,509.0
Pr_40_70_35_15,1.5499999999999998
Pr_40_70_35_27,11.95
Pr_40_70_35_50,10.725
Pr_40_70_35_84,5.2
Pr_40_70_50_32,43.925
Pr_40_70_51_04,5.95
Pr_40_70_51_10,41.449999999999996
Pr_40_70_51_22,31.28125
Pr_40_70_51_30,6.95
Pr_40_70_51_46,65.6
Pr_40_70_51_68,9.0
Pr_40_70_51_94,30.950000000000003
Pr_40_70_55,20.45
Pr_40_70_55_29,294.95
Pr_40_70_55_50,7.75
Pr_40_70_62,6.95
Pr_40_70_63,5.0
Pr_40_70_63_04,14.95
Pr_40_70_63_28,9.86095238095238
Pr_40_70_65_17,26.4
Pr_40_70_65_30,14.2
Pr_40_70_65_31,13.95
Pr_40_70_65_45,6.475
Pr_40_70_65_94,11.299999999999999
Pr_40_70_67_29,144.95
Pr_40_70_67_52,5.225
Pr_40_70_67_63,580.485
Pr_40_70_71_04,12.95
Pr_40_70_71_87,3.525
Pr_40_70_73_09,69.95
Pr_40_70_73_75,5.95
Pr_40_70_73_96,89.75
Pr_40_70_73_97,51.725
Pr_40_70_73_98,169.95
Pr_40_70_75,21.475
Pr_40_70_75_33,9.459090909090909
Pr_40_70_75_37,66.33333333333333
Pr_40_70_75_55,22.950000000000003
Pr_40_70_75_66,4.5
Pr_40_70_75_77,19.133333333333333
Pr_40_70_75_85,99.95
Pr_40_70_75_97,14.95
Pr_40_70_84_04,17.5
Pr_40_70_84_27,197.365
Pr_40_70_84_65,29.95
Pr_40_70_86,74.0
Pr_40_70_86_02,309.10714285714283
Pr_40_70_86_98,6.5
Pr_40_70_96,249.95
Pr_40_70_99,41.39533333333333
Pr_45,233.5
Pr_45_28,47.625
Pr_45_28_05,11.95
Pr_45_28_30_46,112.66
Pr_45_28_30_65,19.95
Pr_45_28_65_30,19.933333333333334
Pr_45_30,18.099999999999998
Pr_45_30_04,6.45
Pr_45_30_04_02,16.55
Pr_45_30_04_66,9.45
Pr_45_30_10,5.95
Pr_45_30_10_10,51.21666666666667
Pr_45_30_10_15,79.35555555555555
Pr_45_30_10_63,43.949999999999996
Pr_45_30_36,33.28333333333334
Pr_45_30_36_02,2.5
Pr_45_30_36_03,15.283333333333331
Pr_45_30_36_04,76.33250000000001
Pr_45_30_36_05,19.95
Pr_45_30_36_06,21.225
Pr_45_30_36_11,5.133333333333334
Pr_45_30_36_14,9.941666666666666
Pr_45_30_76,3.95
Pr_45_30_76_29,15.2
Pr_45_30_76_32,30.98125
Pr_45_30_76_39,35.95
Pr_45_30_76_94,13.45
Pr_45_30_80,95.21249999999999
Pr_45_30_80_06,9.95
Pr_45_30_80_08,139.48
Pr_45_30_80_10,4.95
Pr_45_30_80_12,9.95
Pr_45_30_80_14,32.16875
Pr_45_30_80_15,12.462499999999999
Pr_45_30_80_18,33.13676470588236
Pr_45_30_80_20,42.88813559322034
Pr_45_30_80_71,22.725
Pr_45_30_80_73,9.55
Pr_45_30_90_19,19.075
Pr_45_31_03_42,13.723333333333333
Pr_45_31_03_72,22.028030303030302
Pr_45_31_03_90,18.525000000000002
Pr_45_31_03_96,15.17222222222222
Pr_45_31_37,17.95
Pr_45_31_52_03,93.10000000000001
Pr_45_31_52_07,10.821428571428571
Pr_45_31_52_31,549.0
Pr_45_31_63_14,1.95
Pr_45_31_63_15,5.25
Pr_45_31_63_16,33.957142857142856
Pr_45_31_63_47,45.0
Pr_45_31_63_56,27.337500000000002
Pr_45_31_63_60,7.066666666666666
Pr_45_31_63_78,7.55
Pr_45_31_63_80,22.285
Pr_45_31_63_96,6.95
Pr_45_31_89_35,8.95
Pr_45_31_89_51,10.5
Pr_45_31_89_52,9.083333333333334
Pr_45_31_89_55,15.45
Pr_45_31_89_57,9.95
Pr_45_31_89_75,103.95
Pr_45_57_91_65,39.95
Pr_45_57_91_76,49.95
Pr_45_63,106.23571428571428
Pr_45_63_63_04,20.816666666666666
Pr_45_63_63_05,73.55
Pr_45_63_63_13,18.907142857142855
Pr_45_63_63_22,17.616666666666664
Pr_45_63_63_29,40.49090909090909
Pr_45_63_63_36,7.725
Pr_45_63_63_37,30.032608695652176
Pr_45_63_63_38,80.815625
Pr_45_63_63_56,72.2125
Pr_45_63_63_65,5.283333333333334
Pr_45_63_63_72,27.31842105263158
Pr_45_63_63_80,130.89642857142857
Pr_45_63_63_83,35.95
Pr_45_63_63_85,79.95
Pr_45_63_63_86,126.49166666666667
Pr_45_63_63_87,19.07
Pr_45_63_63_88,64.47
Pr_45_63_63_90,26.283333333333335
Pr_45_63_63_94,4.4868421052631575
Pr_45_63_63_96,100.81666666666666
Pr_45_63_63_98,32.95
Pr_45_63_64_14,57.64772727272727
Pr_45_63_64_15,6.5
Pr_45_63_64_66,1.0
Pr_45_63_64_78,42.25
Pr_45_63_64_86,2.5
Pr_45_63_64_90,9.385714285714284
Pr_45_63_64_96,84.95
Pr_50,33.95
Pr_60_45_01_30,3.95
Pr_60_45_01_44,29.45
Pr_60_45_01_96,16.320454545454545
Pr_60_45_03,94.95
Pr_60_45_03_73,3.5
Pr_60_45_03_90,122.44999999999999
Pr_60_45_05,57.714285714285715
Pr_60_45_07,24.95
Pr_60_45_07_21,80.78421052631579
Pr_60_45_07_46,61.6
Pr_60_45_07_60,42.56544642857143
Pr_60_45_22_52,64.95
Pr_60_45_29,40.61666666666667
Pr_60_45_30_23,5.5
Pr_60_45_30_52,263.66999999999996
Pr_60_45_30_83,7.75
Pr_60_45_46,35.5
Pr_60_45_58,28.5
Pr_60_45_76_22,15.549999999999999
Pr_60_45_80_21,31.83
Pr_60_45_80_75,12.95
Pr_60_45_93_42,27.95
Pr_60_45_93_75,11.45
Pr_60_45_94_25,6.5
Pr_60_45_94_80,19.45
Pr_60_45_94_81,3.9500000000000006
Pr_60_50,3.0
Pr_60_50_10_64,8.516666666666666
Pr_60_50_20,19.95
Pr_60_50_20_24,9.95
Pr_60_50_20_28,4.95
Pr_60_50_33_14,41.525
Pr_60_50_33_15,374.0
Pr_60_50_41_65,24.95
Pr_60_50_41_96,18.675
Pr_60_50_46,16.119999999999997
Pr_60_50_46_45,1.0
Pr_60_50_85_78,26.650000000000002
Pr_60_50_96_20,178.14583333333334
Pr_60_55_33,160.0
Pr_60_55_33_60,349.95
Pr_60_55_33_94,156.61666666666665
Pr_60_55_96_21,14.5
Pr_60_55_96_58,6.5
Pr_60_55_96_78,279.95
Pr_60_55_97_02,13.933333333333332
Pr_60_55_97_06,71.03461538461539
Pr_60_55_97_07,17.95
Pr_60_55_97_12,6.95
Pr_60_55_97_13,35.983333333333334
Pr_60_55_97_14,22.896666666666665
Pr_60_55_97_15,17.058333333333334
Pr_60_55_97_20,43.625
Pr_60_55_97_21,7.233333333333333
Pr_60_55_97_22,19.95
Pr_60_55_97_23,2.5
Pr_60_55_97_44,9.95
Pr_60_55_97_59,12.95
Pr_60_55_97_63,6.5
Pr_60_55_97_86,39.95
Pr_60_55_97_90,11.95
Pr_60_55_97_93,17.616666666666664
Pr_60_55_97_95,10.95
Pr_60_55_97_96,114.94999999999999
Pr_60_60,11.8375
Pr_60_60_08,15.95
Pr_60_60_08_08,45.425
Pr_60_60_08_09,35.975
Pr_60_60_08_25,26.9
Pr_60_60_08_27,254.15833333333333
Pr_60_60_08_33,299.95
Pr_60_60_08_57,79.95
Pr_60_60_10,16.650000000000002
Pr_60_60_10_03,699.0
Pr_60_60_13_02,254.475
Pr_60_60_13_03,10.95
Pr_60_60_13_04,29.95
Pr_60_60_13_22,11.9
Pr_60_60_13_28,7.95
Pr_60_60_13_51,9.95
Pr_60_60_13_59,599.0
Pr_60_60_13_96,10.475
Pr_60_60_36_72,10.95
Pr_60_60_36_74,14.5
Pr_60_60_38_85,18.95
Pr_60_60_81,172.95
Pr_60_60_81_26,29.95
Pr_60_60_81_78,34.95
Pr_60_60_81_81,295.475
Pr_60_60_83_05,59.95
Pr_60_60_83_81,259.27000000000004
Pr_60_65_37_27,109.94999999999999
Pr_60_65_37_33,294.95
Pr_60_65_94_45,22.9
Pr_60_65_94_94,7.5
Pr_60_70,36.95
Pr_60_70_06,104.075
Pr_60_70_06_05,167.11296296296297
Pr_60_70_06_07,158.86764705882354
Pr_60_70_06_12,123.75999999999999
Pr_60_70_06_23,99.0
Pr_60_70_06_71,149.63333333333333
Pr_60_70_10_53,94.95
Pr_60_70_15_08,514.0
Pr_60_70_15_31,7.2
Pr_60_70_22_19,1.6
Pr_60_70_22_28,442.0
Pr_60_70_22_46,89.95
Pr_60_70_25,2.5
Pr_60_70_25_27,142.45
Pr_60_70_32_21,139.0
Pr_60_70_32_90,22.95
Pr_60_70_36_04,21.5
Pr_60_70_36_77,649.0
Pr_60_70_36_81,3.95
Pr_60_70_38,159.95
Pr_60_70_48,139.95000000000002
Pr_60_70_48_30,21.95
Pr_60_70_48_53,365.0
Pr_60_70_48_68,25.950000000000003
Pr_60_70_48_69,1.0
Pr_60_70_48_70,86.3
Pr_60_70_50_18,239.95
Pr_60_70_50_30,139.95
Pr_60_70_50_72,30.95
Pr_60_70_50_81,214.95
Pr_60_70_50_82,84.95
Pr_60_70_50_83,118.69999999999999
Pr_60_70_65_03,7.95
Pr_60_70_65_32,99.95
Pr_60_70_65_60,299.95
Pr_60_70_65_63,299.95
Pr_60_75_03_11,17.55
Pr_60_75_03_15,2.5
Pr_60_75_03_70,37.28333333333334
Pr_60_75_03_87,3.95
Pr_60_75_06_60,26.28333333333333
Pr_60_75_08_23,19.5
Pr_60_75_08_54,21.708333333333332
Pr_60_75_08_55,26.95
Pr_60_75_08_63,29.95
Pr_60_75_08_78,5.95
Pr_60_75_86_02,82.44999999999999
Pr_60_75_86_03,36.475
Pr_60_75_86_05,15.133333333333333
Pr_60_75_86_09,329.95
Pr_60_75_86_30,5.5
Pr_60_75_86_41,29.9
Pr_60_75_86_60,37.95
Pr_65_12,8.45
Pr_65_12_47_40,7.7
Pr_65_12_70_74,17.95
Pr_65_12_71,98.0
Pr_65_50_35_06,52.712500000000006
Pr_65_50_35_09,1.0
Pr_65_50_35_26,43.17
Pr_65_50_35_38,28.450000000000003
Pr_65_50_35_72,7.2749999999999995
Pr_65_50_35_74,169.95
Pr_65_50_35_81,46.13333333333333
Pr_65_50_35_98,15.616666666666665
Pr_65_52_01_18,209.95
Pr_65_52_01_63,2.45
Pr_65_52_03,16.05
Pr_65_52_07_64,20.95
Pr_65_52_20,10.316666666666666
Pr_65_52_20_16,7.8
Pr_65_52_24,50.71666666666667
Pr_65_52_24_11,15.45
Pr_65_52_24_28,3.75
Pr_65_52_24_30,14.95
Pr_65_52_24_31,48.95
Pr_65_52_24_94,3.95
Pr_65_52_24_95,4.95
Pr_65_52_25,559.0
Pr_65_52_25_06,5.95
Pr_65_52_25_24,60.325
Pr_65_52_25_27,269.0
Pr_65_52_25_32,9.95
Pr_65_52_34_48,10.905555555555555
Pr_65_52_34_50,39.95
Pr_65_52_34_88,27.587500000000002
Pr_65_52_38_20,99.95
Pr_65_52_38_84,22.9
Pr_65_52_61,13.95
Pr_65_52_61_06,30.3
Pr_65_52_61_64,79.95
Pr_65_52_61_68,61.5875
Pr_65_52_61_86,60.475
Pr_65_52_61_91,37.45
Pr_65_52_62_09,3.95
Pr_65_52_62_11,69.0
Pr_65_52_62_27,23.97857142857143
Pr_65_52_63,6.883333333333333
Pr_65_52_63_03,8.25
Pr_65_52_63_04,91.55234375
Pr_65_52_63_22,27.82
Pr_65_53_24_86,189.95
Pr_65_53_65_04,9.95
Pr_65_53_86_16,199.0
Pr_65_53_86_17,10.774999999999999
Pr_65_53_86_24,409.475
Pr_65_53_86_33,474.0
Pr_65_53_86_68,31.95
Pr_65_53_86_94,359.0
Pr_65_53_96_50,44.95
Pr_65_54_24_02,11.133333333333333
Pr_65_54_30,149.95
Pr_65_54_30_37,79.95
Pr_65_54_30_42,6.25
Pr_65_54_33_14,22.5
Pr_65_54_33_17,11.283333333333331
Pr_65_54_33_87,3.25
Pr_65_54_93_06,4.725
Pr_65_54_93_50,21.133333333333333
Pr_65_54_94_50,9.95
Pr_65_54_94_57,2.95
Pr_65_54_94_65,8.616666666666667
Pr_65_54_94_77,11.616666666666665
Pr_65_54_95_08,6.95
Pr_65_54_95_13,10.5
Pr_65_54_95_33,19.316666666666666
Pr_65_54_95_34,31.1
Pr_65_54_95_50,5.5
Pr_65_54_95_53,7.5
Pr_65_54_95_82,4.95
Pr_65_54_95_91,41.95
Pr_65_55_62_12,27.95
Pr_65_55_76_11,16.95
Pr_65_55_84_50,6.5
Pr_65_55_86_99,999.0
Pr_65_55_96,99.95
Pr_65_55_96_24,43.95
Pr_65_55_96_72,119.95
Pr_65_55_96_96,35.5
Pr_65_57,599.0
Pr_65_57_02_37,389.95
Pr_65_57_02_66,15.35
Pr_65_57_58_59,6.38
Pr_65_57_85_12,32.95
Pr_65_57_85_65,111.94999999999999
Pr_65_57_85_75,11.557142857142859
Pr_65_57_96_04,14.95
Pr_65_57_96_08,8.65
Pr_65_57_96_09,15.5
Pr_65_57_96_16,24.5
Pr_65_57_96_35,439.95
Pr_65_57_96_52,199.95
Pr_65_57_96_72,77.95
Pr_65_65,36.75
Pr_65_65_23,317.36428571428576
Pr_65_65_23_69,5.15
Pr_65_65_24_16,8.5
Pr_65_65_24_42,60.06315789473685
Pr_65_65_24_95,9.95
Pr_65_65_25_30,12.95
Pr_65_65_25_34,19.2
Pr_65_67_16,80.75
Pr_65_67_16_02,101.95
Pr_65_67_16_04,92.19999999999999
Pr_65_67_16_22,12.95
Pr_65_67_29_15,18.216666666666665
Pr_65_67_29_64,72.35
Pr_65_67_39_22,195.51
Pr_65_67_39_28,26.975
Pr_65_67_78_12,145.5875
Pr_65_67_94,42.3
Pr_65_70,6.5
Pr_65_70_11_02,37.212500000000006
Pr_65_70_11_11,54.95
Pr_65_70_11_15,4.5
Pr_65_70_11_20,64.95
Pr_65_70_11_21,5.95
Pr_65_70_11_30,22.95
Pr_65_70_11_63,53.074137931034485
Pr_65_70_11_71,23.360000000000003
Pr_65_70_11_90,3.95
Pr_65_70_12_11,29.95
Pr_65_70_13,11.65
Pr_65_70_13_08,46.513461538461534
Pr_65_70_13_50,13.225
Pr_65_70_13_72,34.10978723404256
Pr_65_70_15_15,164.0
Pr_65_70_15_18,301.31666666666666
Pr_65_70_15_58,8.5
Pr_65_70_15_60,1.95
Pr_65_70_16_28,5.95
Pr_65_70_42_82,459.0
Pr_65_70_42_86,256.825
Pr_65_70_46_04,189.95
Pr_65_70_46_14,54.95
Pr_65_70_46_25,98.95
Pr_65_70_46_27,12.725
Pr_65_70_46_30,99.95
Pr_65_70_48_89,15.5
Pr_65_70_50_15,14.949999999999998
Pr_65_70_50_22,7.95
Pr_65_70_50_28,16.95
Pr_65_70_50_64,189.95
Pr_65_70_50_66,186.975
Pr_65_70_50_72,111.08125
Pr_65_70_50_88,92.94999999999999
Pr_65_70_70_87,12.95
Pr_65_70_70_89,39.95
Pr_65_70_80_01,95.48636363636363
Pr_65_70_80_16,104.95
Pr_65_70_80_52,395.0
Pr_65_70_80_75,21.45
Pr_65_72_27,199.63333333333333
Pr_65_72_27_32,7.678571428571429
Pr_65_72_27_50,159.95
Pr_65_72_43,249.95
Pr_65_72_43_01,235.95
Pr_65_72_43_39,159.95
Pr_65_72_43_42,29.15
Pr_65_72_43_71,9.5
Pr_65_72_43_90,899.0
Pr_65_72_59_02,107.28
Pr_65_72_59_06,88.5
Pr_65_72_59_09,11.95
Pr_65_72_59_17,13.95
Pr_65_72_59_71,7.0
Pr_65_72_59_90,172.33333333333334
Pr_65_72_60_81,24.9
Pr_65_72_60_85,64.82499999999999
Pr_65_72_97_18,7.949999999999999
Pr_65_72_97_19,10.45
Pr_65_72_97_20,199.0
Pr_65_72_97_26,28.95
Pr_65_72_97_32,27.95
Pr_65_72_97_52,215.0
Pr_65_72_97_72,12.95
Pr_65_72_97_75,20.45
Pr_65_72_97_81,39.0
Pr_65_72_97_86,119.5
Pr_65_80_06,29.316666666666666
Pr_65_80_15,6.95
Pr_65_80_15_48,54.95
Pr_65_80_15_59,7.95
Pr_65_80_28_07,149.95
Pr_65_80_42,233.7
Pr_65_80_42_11,36.95
Pr_65_80_42_77,14.66
Pr_65_80_47_12,142.2
Pr_65_80_47_94,234.0
Pr_65_80_49_15,5.95
Pr_65_80_89_85,173.70714285714286
Pr_70_50_80,8.316666666666666
Pr_70_50_80_37,62.207317073170735
Pr_70_50_80_94,18.150000000000002
Pr_70_50_85,15.86
Pr_70_50_85_37,54.95
Pr_70_50_85_66,2.0
Pr_70_55_33_11,6.95
Pr_70_55_42,97.35
Pr_70_55_42_22,1.0
Pr_70_55_42_70,29.125
Pr_70_55_42_80,7.95
Pr_70_55_51_30,89.95
Pr_70_55_51_52,54.95
Pr_70_55_51_53,29.9
Pr_70_55_51_55,24.85
Pr_70_55_51_74,33.45
Pr_70_55_58_48,173.96818181818182
Pr_70_55_58_72,36.95
Pr_70_55_58_80,21.95
Pr_70_55_62,3.95
Pr_70_55_62_31,107.90625
Pr_70_55_76_72,12.95
Pr_70_55_96_83,56.95
Pr_70_55_97_84,44.95
Pr_70_55_98_30,14.95
Pr_70_55_98_46,23.315
Pr_70_55_98_60,13.55
Pr_70_55_98_66,579.0
Pr_70_60,9.5
Pr_70_60_14,4.3
Pr_70_60_14_14,10.0
Pr_70_60_14_55,229.0
Pr_70_60_14_60,15.95
Pr_70_60_36,204.95
Pr_70_60_36_29,619.0
Pr_70_60_36_33,353.475
Pr_70_60_36_35,516.5
Pr_70_60_36_42,699.0
Pr_70_60_36_52,18.95
Pr_70_60_36_60,11.45
Pr_70_60_36_71,13.357142857142858
Pr_70_60_36_93,20.28333333333333
Pr_70_60_36_97,56.475
Pr_70_60_82,18.6125
Pr_70_60_82_29,115.42941176470588
Pr_70_60_82_30,19.445
Pr_70_60_82_32,1.3333333333333333
Pr_70_65_03_01,15.26
Pr_70_65_03_02,25.5
Pr_70_65_03_25,649.0
Pr_70_65_03_27,14.5
Pr_70_65_03_43,79.95
Pr_70_65_03_72,12.95
Pr_70_65_04_22,44.949999999999996
Pr_70_65_04_37,6.95
Pr_70_65_04_79,3.25
Pr_70_70_46_15,9.357692307692307
Pr_70_70_46_24,169.95
Pr_70_70_46_30,16.95
Pr_70_70_46_37,39.95
Pr_70_70_46_42,6.95
Pr_70_70_46_44,15.1
Pr_70_70_46_52,16.294444444444444
Pr_70_70_46_78,50.352500000000006
Pr_70_70_46_80,39.49545454545454
Pr_70_70_46_89,3.55
Pr_70_70_46_90,315.57
Pr_70_70_47_45,29.95
Pr_70_70_47_49,23.208333333333332
Pr_70_70_48_01,43.95
Pr_70_70_48_13,238.89999999999998
Pr_70_70_48_28,14.25
Pr_70_70_48_33,31.95
Pr_70_70_48_38,118.66944444444444
Pr_70_70_48_45,41.7
Pr_70_70_48_62,13.146666666666667
Pr_70_70_48_85,50.95
Pr_70_70_48_86,114.11666666666666
Pr_70_75_01,45.95
Pr_70_75_01_03,19.95
Pr_70_75_01_37,22.95
Pr_70_75_01_38,49.95
Pr_70_75_04_03,9.25
Pr_70_75_04_25,13.133333333333333
Pr_70_75_04_70,49.45
Pr_70_75_04_71,27.95
Pr_70_75_04_85,7.95
Pr_70_75_06_37,144.95
Pr_70_75_06_50,9.5
Pr_70_75_06_51,33.13333333333333
Pr_70_75_06_80,8.6
Pr_70_75_15,26.725
Pr_70_75_15_14,6.475
Pr_70_75_15_15,36.95
Pr_70_75_15_16,8.466666666666667
Pr_70_75_15_17,29.85
Pr_70_75_15_21,5.5
Pr_70_75_15_35,57.15
Pr_70_75_15_46,6.125
Pr_70_75_15_63,29.950000000000003
Pr_70_75_36,10.075
Pr_70_75_52,179.0
Pr_70_75_52_01,254.95
Pr_70_75_52_72,299.95
Pr_70_75_52_92,47.45
Pr_70_75_52_93,94.95
Pr_70_75_69_36,129.95
Pr_70_75_70_07,52.553703703703704
Pr_70_75_70_14,26.5
Pr_70_75_70_48,37.15
Pr_70_75_70_50,224.95
Pr_70_75_70_92,32.95
Pr_70_75_72_01,24.95
Pr_70_75_72_80,16.616666666666667
Pr_70_75_88,261.3
Pr_70_75_88_01,53.78333333333334
Pr_70_75_88_22,149.95
Pr_70_75_94_28,5.525
Pr_70_75_94_46,29.950000000000003
Pr_70_75_94_94,14.95
Pr_75_30_23_27,159.95
Pr_75_30_23_33,8.0
Pr_75_30_30_08,19.9
Pr_75_30_30_44,49.95
Pr_75_30_30_55,16.95
Pr_75_30_30_82,1.0
Pr_75_50_20,7.95
Pr_75_50_20_12,10.025
Pr_75_50_20_22,65.95
Pr_75_50_20_70,159.95
Pr_75_50_50_31,299.95
Pr_75_50_51_94,17.95
Pr_75_50_52,543.4916666666667
Pr_75_50_52_12,34.65888888888889
Pr_75_50_52_94,16.475
Pr_75_50_52_98,21.0875
Pr_75_50_76_03,44.71666666666667
Pr_75_50_76_04,39.95
Pr_75_50_76_05,119.95
Pr_75_50_76_17,1.0
Pr_75_50_76_23,6.95
Pr_75_50_76_57,79.95
Pr_75_50_76_68,36.28333333333334
Pr_75_51_17_50,15.95
Pr_75_51_17_63,79.95
Pr_75_51_26,99.0
Pr_75_51_26_01,285.0
Pr_75_51_26_92,137.42307692307693
Pr_75_51_35,169.0
Pr_75_51_35_10,160.25588235294117
Pr_75_51_35_65,316.08958333333334
Pr_75_51_35_80,179.0
Pr_75_51_35_97,186.14285714285714
Pr_75_51_52_82,31.711764705882356
Pr_75_51_65_73,7.95
Pr_75_51_65_90,65.28333333333335
Pr_75_75_04_08,9.95
Pr_75_75_04_73,9.95
Pr_75_75_90_41,89.95
Pr_75_75_90_70,24.95
Pr_75_75_90_88,62.95
Pr_75_75_90_89,75.95
Pr_75_75_90_90,39.050000000000004
Pr_75_80,22.76
Pr_75_80_30_22,5.5
Pr_75_80_30_77,79.63333333333334
Pr_75_80_32_39,5.95
Pr_75_80_32_70,49.95
Pr_75_80_42_02,159.0
Pr_75_80_42_42,44.95
Pr_75_80_50_22,42.95
Pr_75_80_50_55,139.76000000000002
Pr_75_80_50_60,21.450000000000003
Pr_80_51,16.425
Pr_80_51_30_38,154.95
Pr_80_51_30_70,199.95
Pr_80_51_30_90,204.95
Pr_80_51_30_94,24.9
Pr_80_51_46,31.6
Pr_80_51_46_50,27.225
Pr_80_51_46_55,159.95
Pr_80_51_51_04,56.505
Pr_80_51_51_05,17.95
Pr_80_51_51_22,47.35
Pr_80_51_51_23,20.725
Pr_80_51_51_28,81.95
Pr_80_51_51_30,20.360000000000003
Pr_80_51_51_32,3.994444444444445
Pr_80_51_51_33,364.25
Pr_80_51_51_37,11.283333333333331
Pr_80_51_51_58,32.95
Pr_80_51_51_60,21.31578947368421
Pr_80_51_51_62,9.08
Pr_80_51_51_67,52.95
Pr_80_51_51_93,40.606842105263155
Pr_80_51_51_97,38.184374999999996
Pr_80_51_51_98,45.18425
Pr_80_51_70_22,6.75
Pr_80_51_70_51,18.23076923076923
Pr_80_51_70_64,500.81666666666666
Pr_80_51_70_90,44.616666666666674
Pr_80_51_85_01,419.0
Pr_80_51_85_28,37.31428571428571
Pr_80_51_85_66,10.0
Pr_80_51_85_87,16.400000000000002
Pr_80_51_85_88,98.38916666666667
Pr_80_51_85_90,2.0
Pr_80_51_96,48.68888888888889
Pr_80_51_96_00,11.95
Pr_80_51_96_32,179.95
Pr_80_51_96_77,36.83178947368421
Pr_80_51_96_96,24.818181818181817
Pr_80_77,44.95
Pr_80_77_27_73,317.3333333333333
Pr_80_77_27_80,313.31666666666666
Pr_80_77_27_91,27.5
Pr_80_77_28,79.95
Pr_80_77_28_07,5.5
Pr_80_77_28_11,89.95
Pr_80_77_28_67,12.5
Pr_80_77_28_74,61.0
Pr_80_77_28_86,9.95
Pr_80_77_28_98,18.95
Pr_80_77_48_02,8.95
Pr_80_77_48_04,9.933333333333332
Pr_80_77_48_23,10.95
Pr_80_77_48_55,9.95
Pr_80_77_48_70,7.95
Pr_80_77_48_81,15.5
Pr_80_77_48_88,29.95
Pr_80_77_76_64,7.475
Pr_80_77_76_92,36.95
Pr_80_77_76_94,29.95
Pr_80_77_94_74,3.0
Pr_82,18.66
Pr_82_70,3.0
Pr_82_70_09,13.069999999999999
Pr_82_70_09_09,1.0
Pr_82_70_09_90,149.0
Pr_82_70_24,9.725
Pr_82_70_24_30,8.95
Pr_82_70_65_60,14.95
Pr_82_70_90_25,17.616666666666664
Pr_85_30,295.0
Pr_85_50_25,10.1
Pr_85_50_27,381.0
Pr_85_50_27_15,4.5
Pr_85_50_27_92,11.95
